ticker,date,high,low,open,close,volume
FB,2018-01-02,181.5800018,177.5500031,177.6799927,181.4199982,18151900
FB,2018-01-03,184.7799988,181.3300018,181.8800049,184.6699982,16886600
FB,2018-01-04,186.2100067,184.1000061,184.8999939,184.3300018,13880900
FB,2018-01-05,186.8999939,184.9299927,185.5899963,186.8500061,13574500
FB,2018-01-08,188.8999939,186.3300018,187.1999969,188.2799988,17994700
FB,2018-01-09,188.8000031,187.1000061,188.6999969,187.8699951,12393100
FB,2018-01-10,187.8899994,185.6300049,186.9400024,187.8399963,10529900
FB,2018-01-11,188.3999939,187.3800049,188.3999939,187.7700043,9588600
FB,2018-01-12,181.4799957,177.3999939,178.0599976,179.3699951,77551300
FB,2018-01-16,181.75,178.0399933,181.5,178.3899994,36183800
FB,2018-01-17,179.3200073,175.8000031,179.2599945,177.6000061,27992400
FB,2018-01-18,180.9799957,177.0800018,178.1300049,179.8000031,23304900
FB,2018-01-19,182.3699951,180.1699982,180.8500061,181.2899933,26826500
FB,2018-01-22,185.3899994,180.4100037,180.8000031,185.3699951,21059500
FB,2018-01-23,189.5500031,185.5500031,186.0500031,189.3500061,25678800
FB,2018-01-24,190.6600037,186.5200043,189.8899994,186.5500031,24334500
FB,2018-01-25,188.6199951,186.6000061,187.9499969,187.4799957,17377700
FB,2018-01-26,190,186.8099976,187.75,190,17759200
FB,2018-01-29,188.8399963,185.6300049,188.75,185.9799957,20453200
FB,2018-01-30,188.1799927,181.8399963,187.6199951,187.1199951,20858600
FB,2018-01-31,189.8300018,185.2200012,188.3699951,186.8899994,43275100
FB,2018-02-01,195.3200073,187.8899994,188.2200012,193.0899963,54211300
FB,2018-02-02,194.2100067,189.9799957,192.0399933,190.2799988,26677500
FB,2018-02-05,190.6100006,180.6100006,186.9299927,181.2599945,33128200
FB,2018-02-06,185.7700043,177.7400055,178.5700073,185.3099976,37758500
FB,2018-02-07,185.0800018,179.9499969,184.1499939,180.1799927,27601900
FB,2018-02-08,181.8399963,171.4799957,181.0099945,171.5800018,38478300
FB,2018-02-09,176.8999939,167.1799927,174.7599945,176.1100006,39887600
FB,2018-02-12,177.5500031,171.8399963,177.0599976,176.4100037,32092100
FB,2018-02-13,175.9700012,173.1000061,175.6199951,173.1499939,21809400
FB,2018-02-14,179.8099976,173.2100067,173.4499969,179.5200043,28929700
FB,2018-02-15,180.5,176.8399963,180.5,179.9600067,20922100
FB,2018-02-16,179.8800049,176.3000031,178.9900055,177.3600006,20645300
FB,2018-02-20,177.9499969,175.1100006,175.7700043,176.0099945,21204900
FB,2018-02-21,181.2700043,176.3999939,176.7100067,177.9100037,23200800
FB,2018-02-22,180.2100067,177.4100037,178.6999969,178.9900055,18464200
FB,2018-02-23,183.3899994,179.5099945,179.8999939,183.2899933,19007300
FB,2018-02-26,185.6600037,183.2200012,184.5800018,184.9299927,17599700
FB,2018-02-27,184.6999969,181.4600067,184.4499969,181.4600067,15849800
FB,2018-02-28,182.8800049,178.1399994,182.3000031,178.3200073,18783000
FB,2018-03-01,180.1199951,174.4100037,179.0099945,175.9400024,23201600
FB,2018-03-02,177.1100006,172.9900055,173.2899933,176.6199951,20025900
FB,2018-03-05,181.1499939,175.8899994,176.1999969,180.3999939,16189300
FB,2018-03-06,182.3800049,179.1100006,181.7799988,179.7799988,15086800
FB,2018-03-07,183.8200073,178.0700073,178.7400055,183.7100067,19097300
FB,2018-03-08,184.3999939,181.4499969,183.5599976,182.3399963,17225900
FB,2018-03-09,185.5099945,183.2100067,183.9100037,185.2299957,18526300
FB,2018-03-12,186.1000061,184.2200012,185.2299957,184.7599945,15301200
FB,2018-03-13,185.9900055,181.1100006,185.6100006,181.8800049,18067500
FB,2018-03-14,184.25,181.8500061,182.6000061,184.1900024,16821700
FB,2018-03-15,184,182.1900024,183.2400055,183.8600006,15614300
FB,2018-03-16,185.3300018,183.4100037,184.4900055,185.0899963,24403400
FB,2018-03-19,177.1699982,170.0599976,177.0099945,172.5599976,88140100
FB,2018-03-20,170.1999969,161.9499969,167.4700012,168.1499939,129851800
FB,2018-03-21,173.3999939,163.3000031,164.8000031,169.3899994,106598800
FB,2018-03-22,170.2700043,163.7200012,166.1300049,164.8899994,73743000
FB,2018-03-23,166.6000061,159.0200043,165.4400024,159.3899994,53609700
FB,2018-03-26,161.1000061,149.0200043,160.8200073,160.0599976,126116600
FB,2018-03-27,162.8500061,150.75,156.3099976,152.2200012,79117000
FB,2018-03-28,155.8800049,150.8000031,151.6499939,153.0299988,60029200
FB,2018-03-29,161.4199982,154.1399994,155.1499939,159.7899933,59434300
FB,2018-04-02,159.1999969,154.1100006,157.8099976,155.3899994,36796000
FB,2018-04-03,157.3899994,150.8099976,156.5500031,156.1100006,42543900
FB,2018-04-04,155.5599976,150.5099945,152.0299988,155.1000061,49885600
FB,2018-04-05,161.5700073,156.6499939,161.5599976,159.3399963,41449600
FB,2018-04-06,161.4199982,156.8099976,157.7299957,157.1999969,41644800
FB,2018-04-09,160.5299988,156.0399933,157.8200073,157.9299927,34915200
FB,2018-04-10,165.9799957,157.0099945,157.9299927,165.0399933,57889300
FB,2018-04-11,168.6499939,163.25,165.3600006,166.3200073,56144600
FB,2018-04-12,167.4499969,163.1000061,166.9799957,163.8699951,38263000
FB,2018-04-13,165.6999969,163.7700043,164.5800018,164.5200043,19990600
FB,2018-04-16,165.7799988,163.3899994,165.7200012,164.8300018,18119400
FB,2018-04-17,169,165.6600037,165.8300018,168.6600037,22743000
FB,2018-04-18,168.1199951,165.7700043,166.8800049,166.3600006,20969600
FB,2018-04-19,168.3300018,165.1999969,166.1999969,168.1000061,22235000
FB,2018-04-20,168.4299927,165.8099976,167.7899933,166.2799988,19119400
FB,2018-04-23,168.4499969,165.0899963,167.2700043,165.8399963,23088100
FB,2018-04-24,166.1000061,158.1900024,165.4299927,159.6900024,35079900
FB,2018-04-25,161.0599976,156.1900024,160.1399994,159.6900024,41083600
FB,2018-04-26,176.2700043,170.8000031,173.2200012,174.1600037,77556900
FB,2018-04-27,177.1000061,172.6000061,176.8099976,173.5899963,29804700
FB,2018-04-30,175.7200012,171.7100067,173.7899933,172,20750500
FB,2018-05-01,174.0200043,170.2299957,172,173.8600006,26025900
FB,2018-05-02,178.0800018,174.1999969,174.25,176.0700073,30424500
FB,2018-05-03,176.1199951,172.1199951,175.1300049,174.0200043,24026100
FB,2018-05-04,176.9799957,173.0599976,173.0800018,176.6100006,17677800
FB,2018-05-07,179.5,177.1699982,177.3500061,177.9700012,18697200
FB,2018-05-08,179.0399933,177.1100006,178.25,178.9199982,15577200
FB,2018-05-09,183.0099945,178.7799988,179.6699982,182.6600037,23282800
FB,2018-05-10,186.1300049,182.5,183.1499939,185.5299988,21071400
FB,2018-05-11,188.3200073,184.1799927,184.8500061,186.9900055,21207800
FB,2018-05-14,187.8600006,186.1999969,187.7100067,186.6399994,15646700
FB,2018-05-15,185.2899933,183.1999969,184.8800049,184.3200073,15429400
FB,2018-05-16,184.3200073,182.6600037,183.6999969,183.1999969,16975500
FB,2018-05-17,184.0599976,182.2200012,182.6799927,183.7599945,14840700
FB,2018-05-18,184.1900024,182.6100006,183.4900055,182.6799927,13130500
FB,2018-05-21,185.3000031,183.1300049,183.7700043,184.4900055,13532900
FB,2018-05-22,185.4199982,183.4299927,184.9299927,183.8000031,12731400
FB,2018-05-23,186.9100037,182.1799927,182.5,186.8999939,16628100
FB,2018-05-24,186.8000031,185.0299988,185.8800049,185.9299927,12354700
FB,2018-05-25,186.3300018,184.4499969,186.0200043,184.9199982,10965100
FB,2018-05-29,186.8099976,183.7100067,184.3399963,185.7400055,16398900
FB,2018-05-30,188,185.25,186.5399933,187.6699982,13736900
FB,2018-05-31,192.7200012,187.4799957,187.8699951,191.7799988,30782600
FB,2018-06-01,194.5500031,192.0700073,193.0700073,193.9900055,17307200
FB,2018-06-04,193.9799957,191.4700012,191.8399963,193.2799988,18939800
FB,2018-06-05,195,192.6199951,194.3000031,192.9400024,15544300
FB,2018-06-06,192.5299988,189.1100006,191.0299988,191.3399963,22558900
FB,2018-06-07,190.9700012,186.7700043,190.75,188.1799927,21503200
FB,2018-06-08,189.4799957,186.4299927,187.5299988,189.1000061,12677100
FB,2018-06-11,192.6000061,188.8000031,188.8099976,191.5399933,12928900
FB,2018-06-12,193.2799988,191.5599976,192.1699982,192.3999939,11562700
FB,2018-06-13,194.5,191.9100037,192.7400055,192.4100037,15853800
FB,2018-06-14,197.2799988,192.9100037,193.1000061,196.8099976,19120900
FB,2018-06-15,197.0700073,194.6399994,195.7899933,195.8500061,21860900
FB,2018-06-18,199.5800018,194.1300049,194.8000031,198.3099976,16826000
FB,2018-06-19,197.9600067,193.7899933,196.2400055,197.4900055,19994000
FB,2018-06-20,203.5500031,198.8099976,199.1000061,202,28230900
FB,2018-06-21,203.3899994,200.0899963,202.7599945,201.5,19045700
FB,2018-06-22,202.2400055,199.3099976,201.1600037,201.7400055,17420200
FB,2018-06-25,200,193.1100006,200,196.3500061,25275100
FB,2018-06-26,199.1000061,196.2299957,197.6000061,199,17897600
FB,2018-06-27,200.75,195.8000031,199.1799927,195.8399963,18734400
FB,2018-06-28,197.3399963,193.2599945,195.1799927,196.2299957,18172400
FB,2018-06-29,197.6000061,193.9600067,197.3200073,194.3200073,15811600
FB,2018-07-02,197.4499969,192.2200012,193.3699951,197.3600006,13961600
FB,2018-07-03,195.3999939,192.5200043,194.5500031,192.7299957,13489500
FB,2018-07-05,198.6499939,194.0299988,194.7400055,198.4499969,19684200
FB,2018-07-06,203.6399994,197.6999969,198.4499969,203.2299957,19740100
FB,2018-07-09,205.8000031,202.1199951,204.9299927,204.7400055,18149400
FB,2018-07-10,204.9100037,202.2599945,204.5,203.5399933,13190100
FB,2018-07-11,204.5,201.75,202.2200012,202.5399933,12927400
FB,2018-07-12,207.0800018,203.1900024,203.4299927,206.9199982,15454700
FB,2018-07-13,208.4299927,206.4499969,207.8099976,207.3200073,11486800
FB,2018-07-16,208.7200012,206.8399963,207.5,207.2299957,11078200
FB,2018-07-17,210.4600067,204.8399963,204.8999939,209.9900055,15349900
FB,2018-07-18,210.9900055,208.4400024,209.8200073,209.3600006,15334900
FB,2018-07-19,209.9900055,207.7599945,208.7700043,208.0899963,11350400
FB,2018-07-20,211.5,208.5,208.8500061,209.9400024,16163900
FB,2018-07-23,211.6199951,208.8000031,210.5800018,210.9100037,16732000
FB,2018-07-24,216.1999969,212.6000061,215.1100006,214.6699982,28468700
FB,2018-07-25,218.6199951,214.2700043,215.7200012,217.5,58954200
FB,2018-07-26,180.1300049,173.75,174.8899994,176.2599945,169803700
FB,2018-07-27,179.9299927,173,179.8699951,174.8899994,60073700
FB,2018-07-30,175.3000031,166.5599976,175.3000031,171.0599976,65280800
FB,2018-07-31,174.2400055,170,170.6699982,172.5800018,40356500
FB,2018-08-01,175.0800018,170.8999939,173.9299927,171.6499939,34042100
FB,2018-08-02,176.7899933,170.2700043,170.6799927,176.3699951,32400000
FB,2018-08-03,178.8500061,176.1499939,177.6900024,177.7799988,24763400
FB,2018-08-06,185.7899933,178.3800049,178.9700012,185.6900024,49716200
FB,2018-08-07,188.3000031,183.7200012,186.5,183.8099976,33398600
FB,2018-08-08,186.8500061,183.7599945,184.75,185.1799927,22205200
FB,2018-08-09,186.5700073,182.4799957,185.8500061,183.0899963,19732100
FB,2018-08-10,182.1000061,179.4199982,182.0399933,180.2599945,21500400
FB,2018-08-13,182.6100006,178.8999939,180.1000061,180.0500031,17423300
FB,2018-08-14,181.9900055,178.6199951,180.7100067,181.1100006,19102000
FB,2018-08-15,180.8699951,174.7799988,179.3399963,179.5299988,33020200
FB,2018-08-16,180.5,174.0099945,180.4199982,174.6999969,31351800
FB,2018-08-17,176.2200012,172.0399933,174.5,173.8000031,24893200
FB,2018-08-20,174.5700073,170.9100037,174.0399933,172.5,21518000
FB,2018-08-21,174.1699982,171.3899994,172.8099976,172.6199951,19578500
FB,2018-08-22,174.2400055,172.1300049,172.2100067,173.6399994,16894100
FB,2018-08-23,175.5500031,172.8300018,173.0899963,172.8999939,18053600
FB,2018-08-24,174.8200073,172.9199982,173.6999969,174.6499939,14631600
FB,2018-08-27,178.6699982,175.7899933,175.9900055,177.4600067,17921900
FB,2018-08-28,178.2400055,175.8300018,178.1000061,176.2599945,15910700
FB,2018-08-29,176.7899933,174.75,176.3000031,175.8999939,18494100
FB,2018-08-30,179.7899933,175.6999969,175.8999939,177.6399994,24216500
FB,2018-08-31,177.6199951,174.9799957,177.1499939,175.7299957,18065200
FB,2018-09-04,173.8899994,168.8000031,173.5,171.1600037,29809000
FB,2018-09-05,171.1300049,166.6699982,169.4900055,167.1799927,31226700
FB,2018-09-06,166.9799957,160,166.9799957,162.5299988,41514800
FB,2018-09-07,164.6300049,160.1600037,160.3099976,163.0399933,24300600
FB,2018-09-10,165.0099945,162.1600037,163.5099945,164.1799927,20197700
FB,2018-09-11,167.1900024,163.7200012,163.9400024,165.9400024,20457100
FB,2018-09-12,164.4900055,161.8000031,163.25,162,24078100
FB,2018-09-13,163.3200073,160.8600006,162,161.3600006,25453800
FB,2018-09-14,162.8399963,160.3399963,161.7200012,162.3200073,21770400
FB,2018-09-17,162.0599976,159.7700043,161.9199982,160.5800018,21005300
FB,2018-09-18,161.7599945,158.8699951,159.3899994,160.3000031,22465200
FB,2018-09-19,163.4400024,159.4799957,160.0800018,163.0599976,19629000
FB,2018-09-20,166.4499969,164.4700012,164.5,166.0200043,18936000
FB,2018-09-21,167.25,162.8099976,166.6399994,162.9299927,45994800
FB,2018-09-24,165.6999969,160.8800049,161.0299988,165.4100037,19222800
FB,2018-09-25,165.5899963,161.1499939,161.9900055,164.9100037,27622800
FB,2018-09-26,169.3000031,164.2100067,164.3000031,166.9499969,25252200
FB,2018-09-27,171.7700043,167.2100067,167.5500031,168.8399963,27266900
FB,2018-09-28,168.7899933,162.5599976,168.3300018,164.4600067,34265600
FB,2018-10-01,165.8800049,161.2599945,163.0299988,162.4400024,26407700
FB,2018-10-02,162.2799988,158.6699982,161.5800018,159.3300018,36031000
FB,2018-10-03,163.6600037,159.5299988,160,162.4299927,23109500
FB,2018-10-04,161.4600067,157.3500061,161.4600067,158.8500061,25739600
FB,2018-10-05,160.8999939,156.1999969,159.2100067,157.3300018,25744000
FB,2018-10-08,158.3399963,154.3899994,155.5399933,157.25,24046000
FB,2018-10-09,160.5899963,157.4199982,157.6900024,157.8999939,18844400
FB,2018-10-10,157.6900024,151.3099976,156.8200073,151.3800049,30610000
FB,2018-10-11,154.8099976,149.1600037,150.1300049,153.3500061,35338900
FB,2018-10-12,156.8899994,151.3000031,156.7299957,153.7400055,25293500
FB,2018-10-15,155.5700073,152.5500031,153.3200073,153.5200043,15433500
FB,2018-10-16,159.4600067,155.0099945,155.3999939,158.7799988,19180100
FB,2018-10-17,160.4900055,157.9499969,159.5599976,159.4199982,17592000
FB,2018-10-18,158.6600037,153.2799988,158.5099945,154.9199982,21675100
FB,2018-10-19,157.3500061,153.5500031,155.8600006,154.0500031,19761300
FB,2018-10-22,157.3399963,154.4600067,154.7599945,154.7799988,15424700
FB,2018-10-23,154.7700043,150.8500061,151.2200012,154.3899994,19095000
FB,2018-10-24,154.6499939,145.6000061,154.2799988,146.0399933,27744600
FB,2018-10-25,152.2100067,147,147.7299957,150.9499969,22105700
FB,2018-10-26,149,143.8000031,145.8200073,145.3699951,31303300
FB,2018-10-29,148.8300018,139.0299988,148.5,142.0899963,31336800
FB,2018-10-30,146.6399994,139.7400055,139.9400024,146.2200012,50528300
FB,2018-10-31,156.3999939,148.9600067,155,151.7899933,60101300
FB,2018-11-01,152.75,149.3500061,151.5200043,151.75,25640800
FB,2018-11-02,154.1300049,148.9600067,151.8000031,150.3500061,24708700
FB,2018-11-05,150.1900024,147.4400024,150.1000061,148.6799927,15971200
FB,2018-11-06,150.9700012,148,149.3099976,149.9400024,16667100
FB,2018-11-07,153.0099945,149.8300018,151.5700073,151.5299988,21877400
FB,2018-11-08,150.9400024,146.7400055,150.4900055,147.8699951,24145800
FB,2018-11-09,147.7599945,144.0700073,146.75,144.9600067,17326900
FB,2018-11-12,145.0399933,140.4900055,144.4799957,141.5500031,18542100
FB,2018-11-13,144.8800049,141.6199951,142,142.1600037,15141700
FB,2018-11-14,145.5800018,141.5500031,143.6999969,144.2200012,22068400
FB,2018-11-15,144.8399963,140.8300018,142.3300018,143.8500061,30320300
FB,2018-11-16,141.7700043,137.7700043,141.0700073,139.5299988,37250600
FB,2018-11-19,137.75,131.2100067,137.6100006,131.5500031,44362700
FB,2018-11-20,134.1600037,126.8499985,127.0299988,132.4299927,41939500
FB,2018-11-21,137.1900024,134.1300049,134.3999939,134.8200073,25469700
FB,2018-11-23,134.5,131.2599945,133.6499939,131.7299957,11886100
FB,2018-11-26,137,132.7799988,133,136.3800049,24263600
FB,2018-11-27,136.6100006,133.7100067,135.75,135,20750300
FB,2018-11-28,136.7899933,131.8500061,136.2799988,136.7599945,29847500
FB,2018-11-29,139.9900055,135.6600037,135.9199982,138.6799927,24238700
FB,2018-11-30,140.9700012,137.3600006,138.2599945,140.6100006,25732600
FB,2018-12-03,143.6799927,140.7599945,143,141.0899963,24819200
FB,2018-12-04,143.3899994,137.1600037,140.7299957,137.9299927,30307400
FB,2018-12-06,139.6999969,133.6699982,133.8200073,139.6300049,28218100
FB,2018-12-07,140.8699951,136.6600037,139.25,137.4199982,21195500
FB,2018-12-10,143.0500031,139.0099945,139.6000061,141.8500061,26422200
FB,2018-12-11,143.8800049,141.1000061,143.8800049,142.0800018,20300300
FB,2018-12-12,147.1900024,142.5099945,143.0800018,144.5,23696900
FB,2018-12-13,145.8500061,143.1900024,145.5700073,145.0099945,18148600
FB,2018-12-14,146.0099945,142.5099945,143.3399963,144.0599976,21785800
FB,2018-12-17,144.9199982,138.4199982,143.0800018,140.1900024,24334000
FB,2018-12-18,145.9299927,139.8300018,141.0800018,143.6600037,24709100
FB,2018-12-19,144.9100037,132.5,141.2100067,133.2400055,57404900
FB,2018-12-20,135.5700073,130,130.6999969,133.3999939,40297900
FB,2018-12-21,134.8999939,123.4199982,133.3899994,124.9499969,56901500
FB,2018-12-24,129.7400055,123.0199966,123.0999985,124.0599976,22066000
FB,2018-12-26,134.2400055,125.8899994,126,134.1799927,39723400
FB,2018-12-27,134.9900055,129.6699982,132.4400024,134.5200043,31202500
FB,2018-12-28,135.9199982,132.1999969,135.3399963,133.1999969,22627600
FB,2018-12-31,134.6399994,129.9499969,134.4499969,131.0899963,24625300
AAPL,2018-01-02,43.07500076,42.31499863,42.54000092,43.06499863,102223600
AAPL,2018-01-03,43.63750076,42.99000168,43.13249969,43.05749893,118071600
AAPL,2018-01-04,43.36750031,43.02000046,43.13499832,43.25749969,89738400
AAPL,2018-01-05,43.84249878,43.26250076,43.36000061,43.75,94640000
AAPL,2018-01-08,43.90250015,43.48249817,43.58750153,43.58750153,82271200
AAPL,2018-01-09,43.76499939,43.35250092,43.63750076,43.58250046,86336000
AAPL,2018-01-10,43.57500076,43.25,43.29000092,43.57249832,95839600
AAPL,2018-01-11,43.87250137,43.62250137,43.64749908,43.81999969,74670800
AAPL,2018-01-12,44.34000015,43.91249847,44.04499817,44.27249908,101672400
AAPL,2018-01-16,44.84749985,44.03499985,44.47499847,44.04750061,118263600
AAPL,2018-01-17,44.8125,43.76750183,44.03749847,44.77500153,137547200
AAPL,2018-01-18,45.02500153,44.5625,44.84249878,44.81499863,124773600
AAPL,2018-01-19,44.89500046,44.35250092,44.65250015,44.61500168,129700400
AAPL,2018-01-22,44.44499969,44.15000153,44.32500076,44.25,108434400
AAPL,2018-01-23,44.86000061,44.20500183,44.32500076,44.25999832,130756400
AAPL,2018-01-24,44.32500076,43.29999924,44.3125,43.55500031,204420400
AAPL,2018-01-25,43.73749924,42.63249969,43.62749863,42.77750015,166116000
AAPL,2018-01-26,43,42.51499939,43,42.87749863,156572000
AAPL,2018-01-29,42.54000092,41.76750183,42.54000092,41.99000168,202561600
AAPL,2018-01-30,41.84249878,41.17499924,41.38249969,41.74250031,184192800
AAPL,2018-01-31,42.11000061,41.625,41.71749878,41.85749817,129915600
AAPL,2018-02-01,42.15499878,41.68999863,41.79249954,41.94499969,188923200
AAPL,2018-02-02,41.70000076,40.02500153,41.5,40.125,346375200
AAPL,2018-02-05,40.97000122,39,39.77500153,39.12250137,290954000
AAPL,2018-02-06,40.93000031,38.5,38.70750046,40.75749969,272975200
AAPL,2018-02-07,40.84999847,39.76750183,40.77249908,39.88499832,206434400
AAPL,2018-02-08,40.25,38.75749969,40.07249832,38.78749847,217562000
AAPL,2018-02-09,39.47249985,37.56000137,39.26750183,39.10250092,282690400
AAPL,2018-02-12,40.97249985,39.37749863,39.625,40.67750168,243278000
AAPL,2018-02-13,41.1875,40.41249847,40.48749924,41.08499908,130196800
AAPL,2018-02-14,41.88499832,40.72000122,40.75999832,41.84249878,162579600
AAPL,2018-02-15,43.27249908,42.25,42.44749832,43.24750137,204588800
AAPL,2018-02-16,43.70500183,42.94250107,43.09000015,43.10749817,160704400
AAPL,2018-02-20,43.56499863,42.85499954,43.01250076,42.96250153,135722000
AAPL,2018-02-21,43.52999878,42.75249863,43.20750046,42.76750183,149886400
AAPL,2018-02-22,43.48749924,42.92750168,42.95000076,43.125,123967600
AAPL,2018-02-23,43.91249847,43.38499832,43.41749954,43.875,135249600
AAPL,2018-02-26,44.84749985,44.05250168,44.08750153,44.74250031,152648800
AAPL,2018-02-27,45.11999893,44.54000092,44.77500153,44.59749985,155712400
AAPL,2018-02-28,45.15499878,44.51250076,44.81499863,44.52999878,151128400
AAPL,2018-03-01,44.94499969,43.16500092,44.63499832,43.75,195208000
AAPL,2018-03-02,44.07500076,43.11249924,43.20000076,44.05250168,153816000
AAPL,2018-03-05,44.43500137,43.63000107,43.80250168,44.20500183,113605600
AAPL,2018-03-06,44.5625,44.03250122,44.47750092,44.16749954,95154000
AAPL,2018-03-07,43.96250153,43.56750107,43.73500061,43.75749969,126814000
AAPL,2018-03-08,44.27999878,43.76750183,43.86999893,44.23500061,95096400
AAPL,2018-03-09,45,44.34749985,44.49000168,44.99499893,128740800
AAPL,2018-03-12,45.59749985,45.05250168,45.07249832,45.43000031,128828400
AAPL,2018-03-13,45.875,44.81000137,45.64749908,44.99250031,126774000
AAPL,2018-03-14,45.13000107,44.45249939,45.08000183,44.61000061,117473600
AAPL,2018-03-15,45.06000137,44.51750183,44.625,44.66249847,90975200
AAPL,2018-03-16,44.77999878,44.40499878,44.66249847,44.50500107,157618800
AAPL,2018-03-19,44.36750031,43.41500092,44.33000183,43.82500076,133787200
AAPL,2018-03-20,44.20000076,43.73500061,43.81000137,43.81000137,78597600
AAPL,2018-03-21,43.77249908,42.81499863,43.75999832,42.81750107,148219600
AAPL,2018-03-22,43.16999817,42.15000153,42.5,42.21250153,165963200
AAPL,2018-03-23,42.47999954,41.23500061,42.09749985,41.23500061,164115200
AAPL,2018-03-26,43.27500153,41.61000061,42.01750183,43.19250107,150164800
AAPL,2018-03-27,43.78749847,41.72999954,43.41999817,42.08499908,163690400
AAPL,2018-03-28,42.50500107,41.29750061,41.8125,41.61999893,166674000
AAPL,2018-03-29,42.9375,41.72499847,41.95249939,41.94499969,153594000
AAPL,2018-04-02,42.23500061,41.11750031,41.65999985,41.66999817,150347200
AAPL,2018-04-03,42.1875,41.22000122,41.90999985,42.09749985,121112000
AAPL,2018-04-04,43.00249863,41.19250107,41.22000122,42.90250015,138422000
AAPL,2018-04-05,43.55749893,43.02000046,43.14500046,43.20000076,107732800
AAPL,2018-04-06,43.11999893,42.04999924,42.74250031,42.09500122,140021200
AAPL,2018-04-09,43.27249908,42.46250153,42.47000122,42.51250076,116070800
AAPL,2018-04-10,43.5,42.88249969,43.25,43.3125,113634400
AAPL,2018-04-11,43.47999954,42.92499924,43.05749893,43.11000061,89726400
AAPL,2018-04-12,43.75,43.25999832,43.35250092,43.53499985,91557200
AAPL,2018-04-13,43.95999908,43.46250153,43.69499969,43.68249893,100497200
AAPL,2018-04-16,44.04750061,43.70750046,43.75749969,43.95500183,86313600
AAPL,2018-04-17,44.73500061,44.10250092,44.12250137,44.56000137,106421600
AAPL,2018-04-18,44.70500183,44.22000122,44.45249939,44.45999908,83018000
AAPL,2018-04-19,43.84749985,43.16500092,43.43999863,43.20000076,139235200
AAPL,2018-04-20,42.80500031,41.35749817,42.65000153,41.43000031,261964400
AAPL,2018-04-23,41.72999954,41.02249908,41.70750046,41.31000137,146062000
AAPL,2018-04-24,41.58250046,40.30500031,41.41749954,40.73500061,134768000
AAPL,2018-04-25,41.35499954,40.60250092,40.65499878,40.91249847,113528400
AAPL,2018-04-26,41.43249893,40.84249878,41.02999878,41.05500031,111852000
AAPL,2018-04-27,41.08250046,40.15750122,41,40.58000183,142623200
AAPL,2018-04-30,41.81499863,40.45999908,40.53250122,41.31499863,169709600
AAPL,2018-05-01,42.29999924,41.31750107,41.60250092,42.27500153,214277600
AAPL,2018-05-02,44.4375,43.45000076,43.80749893,44.14250183,266157600
AAPL,2018-05-03,44.375,43.61000061,43.97000122,44.22249985,136272800
AAPL,2018-05-04,46.0625,44.54249954,44.5625,45.95750046,224805200
AAPL,2018-05-07,46.91749954,46.1875,46.29499817,46.29000092,169805600
AAPL,2018-05-08,46.55500031,45.91749954,46.24750137,46.51250076,113611200
AAPL,2018-05-09,46.84999847,46.30500031,46.63750076,46.84000015,92844800
AAPL,2018-05-10,47.59249878,46.91249847,46.93500137,47.50999832,111957200
AAPL,2018-05-11,47.51499939,46.86249924,47.37250137,47.14749908,104848800
AAPL,2018-05-14,47.38249969,46.96500015,47.25249863,47.03749847,83115200
AAPL,2018-05-15,46.76750183,46.27500153,46.69499969,46.61000061,94780800
AAPL,2018-05-16,47.11500168,46.5,46.51750183,47.04499817,76732400
AAPL,2018-05-17,47.22750092,46.59000015,47,46.74750137,69176000
AAPL,2018-05-18,46.95249939,46.53250122,46.79750061,46.57749939,73190800
AAPL,2018-05-21,47.31750107,46.72750092,47,46.90750122,73603200
AAPL,2018-05-22,47.22000122,46.69499969,47.09500122,46.79000092,60962800
AAPL,2018-05-23,47.125,46.43999863,46.58750153,47.09000015,80233600
AAPL,2018-05-24,47.20999908,46.55250168,47.19250107,47.03749847,92936000
AAPL,2018-05-25,47.41249847,46.91249847,47.05749893,47.14500046,69844000
AAPL,2018-05-29,47.1875,46.71749878,46.90000153,46.97499847,90056400
AAPL,2018-05-30,47,46.69499969,46.93000031,46.875,74762000
AAPL,2018-05-31,47.05749893,46.53499985,46.80500031,46.71749878,109931200
AAPL,2018-06-01,47.56499863,46.9375,46.99750137,47.56000137,93770000
AAPL,2018-06-04,48.35499954,47.83750153,47.90999985,47.95750046,105064800
AAPL,2018-06-05,48.48500061,48.09000015,48.26750183,48.32749939,86264000
AAPL,2018-06-06,48.52000046,47.97999954,48.40750122,48.49499893,83734400
AAPL,2018-06-07,48.54999924,48.08499908,48.53499985,48.36500168,85388800
AAPL,2018-06-08,48,47.44250107,47.79249954,47.92499924,106627200
AAPL,2018-06-11,47.99250031,47.55250168,47.83750153,47.80749893,73234000
AAPL,2018-06-12,48.15250015,47.78749847,47.84749985,48.06999969,67644400
AAPL,2018-06-13,48.22000122,47.61000061,48.10499954,47.67499924,86553600
AAPL,2018-06-14,47.89250183,47.55500031,47.88750076,47.70000076,86440400
AAPL,2018-06-15,47.54000092,47.06499863,47.50749969,47.20999908,246876800
AAPL,2018-06-18,47.30500031,46.79999924,46.97000122,47.18500137,73939600
AAPL,2018-06-19,46.58250046,45.86249924,46.28499985,46.42250061,134314000
AAPL,2018-06-20,46.79999924,46.43249893,46.58750153,46.625,82514800
AAPL,2018-06-21,47.08750153,46.23500061,46.8125,46.36500168,102847600
AAPL,2018-06-22,46.53749847,46.17499924,46.52999878,46.22999954,108801600
AAPL,2018-06-25,46.22999954,45.18249893,45.84999847,45.54249954,126652400
AAPL,2018-06-26,46.63249969,45.63499832,45.74750137,46.10749817,98276800
AAPL,2018-06-27,46.81999969,46.00749969,46.30749893,46.04000092,101141200
AAPL,2018-06-28,46.55250168,45.95000076,46.02500153,46.375,69460800
AAPL,2018-06-29,46.79750061,45.72750092,46.57249832,46.27750015,90950800
AAPL,2018-07-02,46.82500076,45.85499954,45.95500183,46.79499817,70925200
AAPL,2018-07-03,46.98749924,45.88499832,46.94749832,45.97999954,55819200
AAPL,2018-07-05,46.60250092,46.06999969,46.31499863,46.34999847,66416800
AAPL,2018-07-06,47.10749817,46.29999924,46.35499954,46.99250031,69940800
AAPL,2018-07-09,47.66999817,47.32500076,47.375,47.64500046,79026400
AAPL,2018-07-10,47.81999969,47.54499817,47.67750168,47.58750153,63756400
AAPL,2018-07-11,47.44499969,46.90250015,47.125,46.97000122,75326000
AAPL,2018-07-12,47.85250092,47.32749939,47.38249969,47.75749969,72164400
AAPL,2018-07-13,47.95999908,47.72499847,47.77000046,47.83250046,50055600
AAPL,2018-07-16,48.16249847,47.60499954,47.88000107,47.72750092,60172400
AAPL,2018-07-17,47.96749878,47.29999924,47.4375,47.86249924,62138000
AAPL,2018-07-18,47.95000076,47.48249817,47.94499969,47.59999847,65573600
AAPL,2018-07-19,48.13750076,47.42250061,47.42250061,47.97000122,81147200
AAPL,2018-07-20,48.10749817,47.54249954,47.94499969,47.86000061,82704800
AAPL,2018-07-23,47.99000168,47.38999939,47.66999817,47.90250015,63957600
AAPL,2018-07-24,48.41500092,48.01250076,48.11249924,48.25,74791600
AAPL,2018-07-25,48.71250153,48.10749817,48.26499939,48.70500183,66839600
AAPL,2018-07-26,48.99000168,48.40250015,48.65250015,48.55250168,76304000
AAPL,2018-07-27,48.79750061,47.52500153,48.74750137,47.74499893,96096000
AAPL,2018-07-30,48.04999924,47.26750183,47.97499847,47.47750092,84118000
AAPL,2018-07-31,48.03499985,47.33499908,47.57500076,47.57249832,157492000
AAPL,2018-08-01,50.43999863,49.32749939,49.78250122,50.375,271742800
AAPL,2018-08-02,52.09500122,50.08750153,50.14500046,51.84749985,249616000
AAPL,2018-08-03,52.18500137,51.36999893,51.75749969,51.99750137,133789600
AAPL,2018-08-06,52.3125,51.76750183,52,52.26750183,101701600
AAPL,2018-08-07,52.375,51.68999863,52.33000183,51.77750015,102349600
AAPL,2018-08-08,51.95249939,51.13000107,51.51250076,51.8125,90102000
AAPL,2018-08-09,52.44499969,51.79999924,52.38249969,52.22000122,93970400
AAPL,2018-08-10,52.27500153,51.66749954,51.84000015,51.88249969,98444800
AAPL,2018-08-13,52.73749924,51.92499924,52.32749939,52.21749878,103563600
AAPL,2018-08-14,52.63999939,52.06499863,52.54000092,52.4375,82992000
AAPL,2018-08-15,52.68500137,52.08250046,52.30500031,52.56000137,115230400
AAPL,2018-08-16,53.45249939,52.86750031,52.9375,53.33000183,114001600
AAPL,2018-08-17,54.48749924,53.29000092,53.36000061,54.39500046,141708000
AAPL,2018-08-20,54.79499817,53.77750015,54.52500153,53.86500168,121150800
AAPL,2018-08-21,54.29750061,53.50749969,54.20000076,53.75999832,104639200
AAPL,2018-08-22,54.09000015,53.45999908,53.52500153,53.76250076,76072400
AAPL,2018-08-23,54.26250076,53.65000153,53.66249847,53.87250137,75532800
AAPL,2018-08-24,54.22499847,53.77750015,54.15000153,54.04000092,73905600
AAPL,2018-08-27,54.68500137,54.08250046,54.28749847,54.48500061,82100400
AAPL,2018-08-28,55.13499832,54.72999954,54.75249863,54.92499924,91107200
AAPL,2018-08-29,55.87250137,54.85250092,55.03749847,55.74499893,109019200
AAPL,2018-08-30,57.06499863,55.59999847,55.8125,56.25749969,195175200
AAPL,2018-08-31,57.21749878,56.5,56.62749863,56.90750122,173360400
AAPL,2018-09-04,57.29499817,56.65750122,57.10250092,57.09000015,109560400
AAPL,2018-09-05,57.41749954,56.27500153,57.24750137,56.71749878,133332000
AAPL,2018-09-06,56.83750153,55.32500076,56.55749893,55.77500153,137160000
AAPL,2018-09-07,56.34249878,55.17750168,55.46250153,55.32500076,150479200
AAPL,2018-09-10,55.46250153,54.11750031,55.23749924,54.58250046,158066000
AAPL,2018-09-11,56.07500076,54.13999939,54.50249863,55.96250153,142996000
AAPL,2018-09-12,56.25,54.95999908,56.23500061,55.26750183,197114800
AAPL,2018-09-13,57.08750153,55.64250183,55.88000107,56.60250092,166825600
AAPL,2018-09-14,56.70999908,55.63000107,56.4375,55.95999908,127997200
AAPL,2018-09-17,55.73749924,54.31750107,55.53749847,54.47000122,148780400
AAPL,2018-09-18,55.46250153,54.27999878,54.44749832,54.56000137,126286800
AAPL,2018-09-19,54.90499878,53.82500076,54.625,54.59249878,108495200
AAPL,2018-09-20,55.56999969,54.78749847,55.06000137,55.00749969,106435200
AAPL,2018-09-21,55.34000015,54.32249832,55.19499969,54.41500092,384986800
AAPL,2018-09-24,55.31499863,54.15750122,54.20500183,55.19749832,110773600
AAPL,2018-09-25,55.70500183,54.92499924,54.9375,55.54750061,98217600
AAPL,2018-09-26,55.9375,54.93999863,55.25,55.10499954,95938800
AAPL,2018-09-27,56.61000061,55.88499832,55.95500183,56.23749924,120724800
AAPL,2018-09-28,56.45999908,56.00500107,56.19749832,56.43500137,91717600
AAPL,2018-10-01,57.35499954,56.58750153,56.98749924,56.81499863,94403200
AAPL,2018-10-02,57.5,56.65750122,56.8125,57.31999969,99152800
AAPL,2018-10-03,58.36750031,57.44499969,57.51250076,58.01750183,114619200
AAPL,2018-10-04,58.08750153,56.68249893,57.69499969,56.99750137,128168000
AAPL,2018-10-05,57.10250092,55.14500046,56.99000168,56.07249832,134322000
AAPL,2018-10-08,56.20000076,55.04999924,55.55250168,55.94250107,118655600
AAPL,2018-10-09,56.81750107,55.5625,55.90999985,56.71749878,107564000
AAPL,2018-10-10,56.58750153,54.01250076,56.36500168,54.09000015,167962400
AAPL,2018-10-11,54.875,53.08000183,53.63000107,53.61249924,212497600
AAPL,2018-10-12,55.72000122,54.20999908,55.10499954,55.52750015,161351600
AAPL,2018-10-15,55.45750046,54.31750107,55.29000092,54.34000015,123164000
AAPL,2018-10-16,55.74750137,54.18999863,54.73249817,55.53749847,116736000
AAPL,2018-10-17,55.65999985,54.83499908,55.57500076,55.29750061,91541600
AAPL,2018-10-18,54.93500137,53.25,54.46500015,54.00500107,130325200
AAPL,2018-10-19,55.31499863,54.35749817,54.51499939,54.82749939,132314800
AAPL,2018-10-22,55.84000015,54.73500061,54.94749832,55.16249847,115168400
AAPL,2018-10-23,55.8125,53.67499924,53.95750046,55.68249893,155071200
AAPL,2018-10-24,56.05749893,53.63499832,55.65000153,53.77249908,163702000
AAPL,2018-10-25,55.34500122,54.1875,54.42750168,54.95000076,119423200
AAPL,2018-10-26,55.04750061,53.16749954,53.97499847,54.07500076,189033600
AAPL,2018-10-29,54.92250061,51.52249908,54.79750061,53.06000137,183742000
AAPL,2018-10-30,53.79499817,52.31750107,52.78749847,53.32500076,146640000
AAPL,2018-10-31,55.11249924,54.15499878,54.22000122,54.71500015,153435600
AAPL,2018-11-01,55.59000015,54.20249939,54.76250076,55.55500031,233292800
AAPL,2018-11-02,53.41249847,51.35749817,52.38750076,51.86999893,365314800
AAPL,2018-11-05,51.09749985,49.54249954,51.07500076,50.39749908,264654800
AAPL,2018-11-06,51.18000031,50.42250061,50.47999954,50.94250107,127531600
AAPL,2018-11-07,52.51499939,51.03250122,51.49250031,52.48749924,133697600
AAPL,2018-11-08,52.52999878,51.6875,52.49499893,52.12250137,101450400
AAPL,2018-11-09,51.50249863,50.5625,51.38750076,51.11750031,137463200
AAPL,2018-11-12,49.96250153,48.44749832,49.75,48.54249954,204542000
AAPL,2018-11-13,49.29499817,47.86249924,47.90750122,48.05749893,187531600
AAPL,2018-11-14,48.61999893,46.48249817,48.47499847,46.70000076,243204000
AAPL,2018-11-15,47.99250031,46.72499847,47.09749985,47.85250092,185915200
AAPL,2018-11-16,48.74250031,47.36500168,47.625,48.38249969,147713200
AAPL,2018-11-19,47.67499924,46.24750137,47.5,46.46500015,167701200
AAPL,2018-11-20,45.36750031,43.87749863,44.59249878,44.24499893,271300800
AAPL,2018-11-21,45.06750107,44.13750076,44.93249893,44.19499969,124496800
AAPL,2018-11-23,44.15000153,43.02500153,43.73500061,43.07249832,94496000
AAPL,2018-11-26,43.73749924,42.56499863,43.56000137,43.65499878,179994000
AAPL,2018-11-27,43.69250107,42.72000122,42.87749863,43.56000137,165549600
AAPL,2018-11-28,45.32249832,43.73249817,44.18249893,45.23500061,184250000
AAPL,2018-11-29,45.70000076,44.42499924,45.66500092,44.88750076,167080000
AAPL,2018-11-30,45.08250046,44.25749969,45.07249832,44.64500046,158126000
AAPL,2018-12-03,46.23500061,45.30250168,46.11500168,46.20500183,163210000
AAPL,2018-12-04,45.59749985,44.06750107,45.23749924,44.17250061,165377200
AAPL,2018-12-06,43.69499969,42.60499954,42.93999863,43.68000031,172393600
AAPL,2018-12-07,43.62250137,42.07500076,43.37250137,42.12250137,169126400
AAPL,2018-12-10,42.52249908,40.83250046,41.25,42.40000153,248104000
AAPL,2018-12-11,42.94749832,41.75,42.91500092,42.15750122,189126800
AAPL,2018-12-12,42.97999954,42.25500107,42.59999847,42.27500153,142510800
AAPL,2018-12-13,43.14250183,42.38750076,42.62250137,42.73749924,127594400
AAPL,2018-12-14,42.27000046,41.31999969,42.25,41.36999893,162814800
AAPL,2018-12-17,42.08750153,40.68249893,41.36249924,40.98500061,177151600
AAPL,2018-12-18,41.88249969,41.09749985,41.34500122,41.51750183,135366000
AAPL,2018-12-19,41.86249924,39.77249908,41.5,40.22249985,196189200
AAPL,2018-12-20,40.52750015,38.82500076,40.09999847,39.20750046,259092000
AAPL,2018-12-21,39.54000092,37.40750122,39.21500015,37.68249893,382978400
AAPL,2018-12-24,37.88750076,36.64749908,37.03749847,36.70750046,148676800
AAPL,2018-12-26,39.30749893,36.68000031,37.07500076,39.29249954,234330000
AAPL,2018-12-27,39.19250107,37.51750183,38.95999908,39.03749847,212468400
AAPL,2018-12-28,39.63000107,38.63750076,39.375,39.05749893,169165600
AAPL,2018-12-31,39.84000015,39.11999893,39.63249969,39.43500137,140014000
AMZN,2018-01-02,1190,1170.51001,1172,1189.01001,2694500
AMZN,2018-01-03,1205.48999,1188.300049,1188.300049,1204.199951,3108800
AMZN,2018-01-04,1215.869995,1204.660034,1205,1209.589966,3022100
AMZN,2018-01-05,1229.140015,1210,1217.51001,1229.140015,3544700
AMZN,2018-01-08,1253.079956,1232.030029,1236,1246.869995,4279500
AMZN,2018-01-09,1259.329956,1241.76001,1256.900024,1252.699951,3661300
AMZN,2018-01-10,1254.329956,1237.22998,1245.150024,1254.329956,2686000
AMZN,2018-01-11,1276.77002,1256.459961,1259.73999,1276.680054,3125000
AMZN,2018-01-12,1305.76001,1273.390015,1273.390015,1305.199951,5443700
AMZN,2018-01-16,1339.939941,1292.300049,1323,1304.859985,7220700
AMZN,2018-01-17,1314,1280.880005,1312.23999,1295,5253800
AMZN,2018-01-18,1304.599976,1284.02002,1293.949951,1293.319946,4026900
AMZN,2018-01-19,1313,1292.98999,1312,1294.579956,4578500
AMZN,2018-01-22,1327.449951,1296.660034,1297.170044,1327.310059,4140100
AMZN,2018-01-23,1364.900024,1337.339966,1338.089966,1362.540039,5169300
AMZN,2018-01-24,1388.160034,1338,1374.819946,1357.51001,6807500
AMZN,2018-01-25,1378.339966,1357.619995,1368,1377.949951,4753000
AMZN,2018-01-26,1402.530029,1380.910034,1392.01001,1402.050049,4857300
AMZN,2018-01-29,1431.390015,1400.439941,1409.180054,1417.680054,5701900
AMZN,2018-01-30,1439.25,1392,1403.170044,1437.819946,5871900
AMZN,2018-01-31,1472.579956,1450.040039,1451.300049,1450.890015,6424700
AMZN,2018-02-01,1459.880005,1385.140015,1445,1390,9113800
AMZN,2018-02-02,1498,1414,1477.390015,1429.949951,11125700
AMZN,2018-02-05,1458.97998,1320.719971,1402.619995,1390,11495000
AMZN,2018-02-06,1443.98999,1351.790039,1361.459961,1442.839966,11066800
AMZN,2018-02-07,1460.98999,1415.150024,1449,1416.780029,7162700
AMZN,2018-02-08,1433.75,1349.939941,1429.680054,1350.5,8578600
AMZN,2018-02-09,1383.5,1265.930054,1373.48999,1339.599976,14141500
AMZN,2018-02-12,1393.810059,1344.01001,1364.670044,1386.22998,6738900
AMZN,2018-02-13,1419.719971,1383.530029,1385.930054,1414.51001,5917900
AMZN,2018-02-14,1452.060059,1403.359985,1406.25,1451.050049,5959200
AMZN,2018-02-15,1468.939941,1436.839966,1466.890015,1461.76001,5652700
AMZN,2018-02-16,1465.800049,1446.560059,1457.369995,1448.689941,4472600
AMZN,2018-02-20,1488.77002,1446.48999,1446.48999,1468.349976,6499200
AMZN,2018-02-21,1503.48999,1478.920044,1485,1482.920044,6304400
AMZN,2018-02-22,1502.540039,1475.76001,1495.359985,1485.339966,4858100
AMZN,2018-02-23,1500,1486.5,1495.339966,1500,4418100
AMZN,2018-02-26,1522.839966,1507,1509.199951,1521.949951,4955000
AMZN,2018-02-27,1526.780029,1507.209961,1524.5,1511.97998,4808800
AMZN,2018-02-28,1528.699951,1512,1519.51001,1512.449951,4515000
AMZN,2018-03-01,1518.48999,1465,1513.599976,1493.449951,6835200
AMZN,2018-03-02,1501.050049,1455.01001,1469.099976,1500.25,6587600
AMZN,2018-03-05,1525.380005,1481,1494.23999,1523.609985,5233900
AMZN,2018-03-06,1542.130005,1528,1533.199951,1537.640015,4561700
AMZN,2018-03-07,1545.900024,1522.51001,1526.52002,1545,4174100
AMZN,2018-03-08,1554.880005,1545.25,1550,1551.859985,3862600
AMZN,2018-03-09,1578.939941,1559.079956,1563.5,1578.890015,4534300
AMZN,2018-03-12,1605.329956,1586.699951,1592.599976,1598.390015,5174200
AMZN,2018-03-13,1617.540039,1578.01001,1615.959961,1588.180054,6531900
AMZN,2018-03-14,1606.439941,1590.890015,1597,1591,4259400
AMZN,2018-03-15,1596.910034,1578.109985,1595,1582.319946,4069700
AMZN,2018-03-16,1589.439941,1567.5,1583.449951,1571.680054,5425000
AMZN,2018-03-19,1561.660034,1525.349976,1554.530029,1544.930054,6580800
AMZN,2018-03-20,1587,1545.410034,1550.339966,1586.51001,4581600
AMZN,2018-03-21,1590,1563.170044,1586.449951,1581.859985,4750800
AMZN,2018-03-22,1573.849976,1542.400024,1565.469971,1544.920044,6320600
AMZN,2018-03-23,1549.02002,1495.359985,1539.01001,1495.560059,8006000
AMZN,2018-03-26,1556.98999,1499.25,1530,1555.859985,5624700
AMZN,2018-03-27,1575.969971,1482.319946,1572.400024,1497.050049,6999600
AMZN,2018-03-28,1455.900024,1386.170044,1447,1431.420044,13705300
AMZN,2018-03-29,1455.469971,1365.199951,1406,1447.339966,12581100
AMZN,2018-04-02,1421.359985,1355,1417.619995,1371.98999,10463600
AMZN,2018-04-03,1414,1355.329956,1391.380005,1392.050049,10231200
AMZN,2018-04-04,1415.390015,1352.880005,1358.23999,1410.569946,6982300
AMZN,2018-04-05,1459.560059,1427.069946,1441.98999,1451.75,6413500
AMZN,2018-04-06,1452.5,1400.26001,1429.969971,1405.22998,5882300
AMZN,2018-04-09,1438.47998,1402.569946,1425.030029,1406.079956,4208200
AMZN,2018-04-10,1438.380005,1415.699951,1431.98999,1436.219971,4254100
AMZN,2018-04-11,1448.780029,1424.890015,1439.439941,1427.050049,3582500
AMZN,2018-04-12,1452.119995,1435.060059,1439.5,1448.5,3135000
AMZN,2018-04-13,1459.780029,1424.52002,1449.140015,1430.790039,3685300
AMZN,2018-04-16,1447,1427.47998,1445,1441.5,2808600
AMZN,2018-04-17,1507.189941,1457.02002,1462.300049,1503.829956,5114400
AMZN,2018-04-18,1533.800049,1504.109985,1514.650024,1527.839966,5227500
AMZN,2018-04-19,1568.52002,1539.060059,1543.219971,1556.910034,6523700
AMZN,2018-04-20,1561.199951,1516.089966,1561.199951,1527.48999,5541600
AMZN,2018-04-23,1548,1503.410034,1546.689941,1517.859985,4465400
AMZN,2018-04-24,1539.5,1448.449951,1535.800049,1460.089966,7494700
AMZN,2018-04-25,1469.98999,1415.02002,1458,1460.170044,6587300
AMZN,2018-04-26,1529.420044,1478.5,1485.01001,1517.959961,8801100
AMZN,2018-04-27,1638.099976,1567.390015,1634.01001,1572.619995,13053200
AMZN,2018-04-30,1596,1560.939941,1582.5,1566.130005,5464100
AMZN,2018-05-01,1585,1552.180054,1563.219971,1582.26001,4572100
AMZN,2018-05-02,1588.5,1566.359985,1580.97998,1569.680054,4360300
AMZN,2018-05-03,1574.800049,1546.02002,1560.01001,1572.079956,4251900
AMZN,2018-05-04,1584.900024,1562.189941,1562.449951,1580.949951,3443600
AMZN,2018-05-07,1606.949951,1587.829956,1589.339966,1600.140015,3801900
AMZN,2018-05-08,1596.880005,1582.51001,1595,1592.390015,3067900
AMZN,2018-05-09,1608,1592,1600,1608,3637300
AMZN,2018-05-10,1615.599976,1603.439941,1608.47998,1609.079956,2817500
AMZN,2018-05-11,1611.099976,1597.890015,1610.98999,1602.910034,2263900
AMZN,2018-05-14,1611.180054,1600.050049,1604,1601.540039,2509500
AMZN,2018-05-15,1587.800049,1565.219971,1587.800049,1576.119995,5077500
AMZN,2018-05-16,1594.430054,1576.670044,1577.5,1587.280029,2570600
AMZN,2018-05-17,1594.040039,1573,1580.560059,1581.76001,2147600
AMZN,2018-05-18,1583.589966,1572.099976,1581.329956,1574.369995,2642600
AMZN,2018-05-21,1592.050049,1575,1585,1585.459961,2925200
AMZN,2018-05-22,1589.890015,1575.25,1589.890015,1581.400024,2115600
AMZN,2018-05-23,1601.859985,1566.339966,1571.050049,1601.859985,3361900
AMZN,2018-05-24,1608.23999,1588.380005,1598.030029,1603.069946,3430000
AMZN,2018-05-25,1614.119995,1600.449951,1603,1610.150024,2698400
AMZN,2018-05-29,1621.790039,1600.150024,1600.709961,1612.869995,3846500
AMZN,2018-05-30,1626,1612.930054,1618.099976,1624.890015,2907400
AMZN,2018-05-31,1635,1621.349976,1623,1629.619995,3166300
AMZN,2018-06-01,1646.72998,1635.089966,1637.030029,1641.540039,3313400
AMZN,2018-06-04,1665.680054,1645.48999,1648.900024,1665.27002,3187700
AMZN,2018-06-05,1699,1670.060059,1672.98999,1696.349976,4782200
AMZN,2018-06-06,1714.5,1686.469971,1704.51001,1695.75,5473200
AMZN,2018-06-07,1699.900024,1676.109985,1698.560059,1689.300049,3765700
AMZN,2018-06-08,1689.439941,1673.01001,1681.119995,1683.98999,2955100
AMZN,2018-06-11,1694.23999,1680.589966,1681.51001,1689.119995,2335500
AMZN,2018-06-12,1699.51001,1691.52002,1693,1698.75,2259200
AMZN,2018-06-13,1713.75,1700.119995,1702.810059,1704.859985,3327500
AMZN,2018-06-14,1724.800049,1708.869995,1713.47998,1723.859985,3174400
AMZN,2018-06-15,1720.869995,1708.52002,1714,1715.969971,4777600
AMZN,2018-06-18,1726.73999,1702.560059,1706.26001,1723.790039,3107700
AMZN,2018-06-19,1736.109985,1700.390015,1709.040039,1734.780029,4290100
AMZN,2018-06-20,1762.930054,1741.359985,1742.5,1750.079956,4332600
AMZN,2018-06-21,1763.099976,1717.560059,1760,1730.219971,4941100
AMZN,2018-06-22,1743,1711.900024,1742.619995,1715.670044,4075100
AMZN,2018-06-25,1705,1646.310059,1702.51001,1663.150024,7511200
AMZN,2018-06-26,1701.569946,1663.339966,1672.369995,1691.089966,4386600
AMZN,2018-06-27,1711.949951,1660,1708.109985,1660.51001,4872200
AMZN,2018-06-28,1705.5,1661.170044,1672.540039,1701.449951,4529700
AMZN,2018-06-29,1723.410034,1694.319946,1717,1699.800049,4543500
AMZN,2018-07-02,1713.890015,1678.060059,1682.699951,1713.780029,3185700
AMZN,2018-07-03,1725,1692.47998,1723.959961,1693.959961,2177300
AMZN,2018-07-05,1710.689941,1682.150024,1705.380005,1699.72998,2983100
AMZN,2018-07-06,1715.27002,1691.670044,1696,1710.630005,2650300
AMZN,2018-07-09,1739.560059,1716.22998,1724.050049,1739.02002,3012000
AMZN,2018-07-10,1750,1731,1738.530029,1743.069946,3002900
AMZN,2018-07-11,1756.959961,1734,1737.98999,1755,3209800
AMZN,2018-07-12,1798,1762.180054,1764.51001,1796.619995,4532700
AMZN,2018-07-13,1815.300049,1795.22998,1803.930054,1813.030029,4383200
AMZN,2018-07-16,1841.949951,1814.449951,1821.949951,1822.48999,5466200
AMZN,2018-07-17,1851.689941,1797.380005,1811.560059,1843.930054,5682900
AMZN,2018-07-18,1858.880005,1831.27002,1848,1842.920044,4861900
AMZN,2018-07-19,1841,1811.27002,1829.459961,1812.969971,4676900
AMZN,2018-07-20,1834.839966,1810.060059,1825.01001,1813.699951,3884400
AMZN,2018-07-23,1819,1769.98999,1812.209961,1802,3888500
AMZN,2018-07-24,1840,1809.380005,1829.01001,1829.23999,4278700
AMZN,2018-07-25,1863.839966,1822.640015,1829.300049,1863.609985,3738200
AMZN,2018-07-26,1844.680054,1804.5,1839,1808,9924400
AMZN,2018-07-27,1880.050049,1806.530029,1876.050049,1817.27002,9681000
AMZN,2018-07-30,1829.5,1766.02002,1827.329956,1779.219971,6562300
AMZN,2018-07-31,1801.829956,1739.319946,1786.48999,1777.439941,5738700
AMZN,2018-08-01,1798.439941,1776.02002,1784,1797.170044,4153100
AMZN,2018-08-02,1836.560059,1786,1788.77002,1834.329956,4354700
AMZN,2018-08-03,1841,1821.5,1837.73999,1823.290039,3460500
AMZN,2018-08-06,1847.77002,1818.920044,1825.810059,1847.75,3391800
AMZN,2018-08-07,1869.719971,1846.27002,1854.530029,1862.47998,3377500
AMZN,2018-08-08,1891.51001,1854.5,1861,1886.52002,3963000
AMZN,2018-08-09,1914.569946,1877.47998,1882,1898.52002,4860400
AMZN,2018-08-10,1899.5,1878.209961,1888.51001,1886.300049,3639900
AMZN,2018-08-13,1925,1893.670044,1898.5,1896.199951,5531500
AMZN,2018-08-14,1921.01001,1900,1919.390015,1919.650024,3986100
AMZN,2018-08-15,1916.209961,1869.790039,1909.550049,1882.619995,7700700
AMZN,2018-08-16,1905,1883.550049,1903.939941,1886.52002,3957100
AMZN,2018-08-17,1888,1855.550049,1885.800049,1882.219971,4104300
AMZN,2018-08-20,1891.75,1866.060059,1890.569946,1876.709961,2862000
AMZN,2018-08-21,1897.75,1874.410034,1880,1883.420044,3105600
AMZN,2018-08-22,1905.800049,1876.640015,1876.640015,1904.900024,3080500
AMZN,2018-08-23,1919.5,1900.76001,1907.170044,1902.900024,3563000
AMZN,2018-08-24,1916.01001,1902.540039,1910.51001,1905.390015,2800900
AMZN,2018-08-27,1927.699951,1909.280029,1915,1927.680054,3569000
AMZN,2018-08-28,1941.780029,1928.819946,1937.72998,1932.819946,3100700
AMZN,2018-08-29,1998.689941,1948.939941,1953.449951,1998.099976,6531800
AMZN,2018-08-30,2025.569946,1986.900024,1997.420044,2002.380005,7277300
AMZN,2018-08-31,2022.380005,2004.73999,2007,2012.709961,4204400
AMZN,2018-09-04,2050.5,2013,2026.5,2039.51001,5721100
AMZN,2018-09-05,2040.380005,1989.890015,2038.109985,1994.819946,8220600
AMZN,2018-09-06,2007.5,1935.209961,2006.51001,1958.310059,7488700
AMZN,2018-09-07,1975.199951,1937.349976,1938.709961,1952.069946,4892600
AMZN,2018-09-10,1973.040039,1931.52002,1971,1939.01001,4544800
AMZN,2018-09-11,1988.880005,1917,1928.27002,1987.150024,5033600
AMZN,2018-09-12,2000,1962.439941,1994,1990,4414000
AMZN,2018-09-13,2008.76001,1982.030029,2000,1989.869995,3621500
AMZN,2018-09-14,1993.650024,1959.219971,1992.930054,1970.189941,3642000
AMZN,2018-09-17,1956.819946,1887.410034,1954.72998,1908.030029,7050200
AMZN,2018-09-18,1958.199951,1915.439941,1918.650024,1941.050049,4268700
AMZN,2018-09-19,1940.829956,1904.900024,1940.5,1926.420044,4056800
AMZN,2018-09-20,1955,1932.25,1938.579956,1944.300049,3154900
AMZN,2018-09-21,1957.310059,1910.5,1954.219971,1915.01001,6855900
AMZN,2018-09-24,1936.880005,1865,1903.790039,1934.359985,4213700
AMZN,2018-09-25,1975.910034,1938.849976,1942.900024,1974.550049,4538400
AMZN,2018-09-26,1995.25,1961.52002,1968.5,1974.849976,4313500
AMZN,2018-09-27,2016.160034,1988.579956,1993.23999,2012.97998,4329400
AMZN,2018-09-28,2026.52002,1996.459961,2004.410034,2003,4085100
AMZN,2018-10-01,2033.189941,2003.599976,2021.98999,2004.359985,3460500
AMZN,2018-10-02,2013.390015,1965.77002,1999.98999,1971.310059,5400700
AMZN,2018-10-03,1989.699951,1949.810059,1981.699951,1952.76001,5253100
AMZN,2018-10-04,1956,1896.569946,1949,1909.420044,7257000
AMZN,2018-10-05,1929.079956,1862.829956,1917.98999,1889.650024,6822300
AMZN,2018-10-08,1902,1830.660034,1874,1864.420044,7393200
AMZN,2018-10-09,1896.680054,1852.319946,1859.98999,1870.319946,4772900
AMZN,2018-10-10,1858.560059,1754.410034,1857.890015,1755.25,10988900
AMZN,2018-10-11,1755.400024,1685.099976,1724,1719.359985,13935900
AMZN,2018-10-12,1808.949951,1742.530029,1808,1788.609985,9444600
AMZN,2018-10-15,1795.050049,1734.22998,1795,1760.949951,6437200
AMZN,2018-10-16,1823.880005,1761.550049,1783.5,1819.959961,5859900
AMZN,2018-10-17,1845,1807,1842.790039,1831.72998,5295200
AMZN,2018-10-18,1830.150024,1767.869995,1821.48999,1770.719971,5874000
AMZN,2018-10-19,1809.099976,1753,1785.160034,1764.030029,5907200
AMZN,2018-10-22,1809.5,1756,1784,1789.300049,4500000
AMZN,2018-10-23,1776.339966,1714,1742.23999,1768.699951,6723900
AMZN,2018-10-24,1777.709961,1656.560059,1773.699951,1664.199951,6928400
AMZN,2018-10-25,1794.810059,1692.01001,1703.339966,1782.170044,10285700
AMZN,2018-10-26,1698.459961,1603,1649.589966,1642.810059,14963800
AMZN,2018-10-29,1665.73999,1495,1660,1538.880005,13866100
AMZN,2018-10-30,1540.98999,1476.359985,1486.160034,1530.420044,12460100
AMZN,2018-10-31,1623.910034,1565.089966,1569.98999,1598.01001,9390200
AMZN,2018-11-01,1670.449951,1598.439941,1623.530029,1665.530029,8135500
AMZN,2018-11-02,1697.439941,1651.829956,1678.589966,1665.530029,6955500
AMZN,2018-11-05,1658.089966,1596.359985,1657.569946,1627.800049,5624700
AMZN,2018-11-06,1665,1614.550049,1618.349976,1642.810059,4257400
AMZN,2018-11-07,1759.22998,1664.079956,1673,1755.48999,8192200
AMZN,2018-11-08,1784,1725.109985,1755,1754.910034,6534900
AMZN,2018-11-09,1743.920044,1701.869995,1732.5,1712.430054,5902200
AMZN,2018-11-12,1708.550049,1630.01001,1698.23999,1636.849976,6806200
AMZN,2018-11-13,1677.060059,1613.75,1649.290039,1631.170044,5933300
AMZN,2018-11-14,1673,1597.069946,1656.319946,1599.01001,6486900
AMZN,2018-11-15,1624.819946,1546.51001,1581.01001,1619.439941,8427300
AMZN,2018-11-16,1614.47998,1573.119995,1587.5,1593.410034,6066100
AMZN,2018-11-19,1581.189941,1503.359985,1577.01001,1512.290039,7790000
AMZN,2018-11-20,1534.75,1420,1437.5,1495.459961,10878800
AMZN,2018-11-21,1550,1515,1542.98999,1516.72998,5716800
AMZN,2018-11-23,1536.199951,1501.810059,1517,1502.060059,2707600
AMZN,2018-11-26,1584.810059,1524.219971,1539,1581.329956,6257700
AMZN,2018-11-27,1597.650024,1558.01001,1575.98999,1581.420044,5783200
AMZN,2018-11-28,1681.449951,1601.219971,1613.920044,1677.75,8458700
AMZN,2018-11-29,1689.98999,1652.329956,1674.98999,1673.569946,6613200
AMZN,2018-11-30,1696,1666.5,1679.5,1690.170044,5761800
AMZN,2018-12-03,1778.339966,1730,1769.459961,1772.359985,6862300
AMZN,2018-12-04,1770.339966,1665,1756,1668.400024,8694500
AMZN,2018-12-06,1701.050049,1609.849976,1614.869995,1699.189941,8789400
AMZN,2018-12-07,1718.930054,1625.459961,1705.069946,1629.130005,7576100
AMZN,2018-12-10,1657.98999,1590.869995,1623.839966,1641.030029,7494800
AMZN,2018-12-11,1679.469971,1619.599976,1678,1643.23999,6244700
AMZN,2018-12-12,1704.98999,1660.27002,1669,1663.540039,6598000
AMZN,2018-12-13,1692.119995,1641.5,1680,1658.380005,5271300
AMZN,2018-12-14,1642.569946,1585,1638,1591.910034,6367200
AMZN,2018-12-17,1576.130005,1505.01001,1566,1520.910034,8829800
AMZN,2018-12-18,1567.550049,1523.01001,1540,1551.47998,6523000
AMZN,2018-12-19,1584.530029,1483.180054,1543.050049,1495.079956,8792200
AMZN,2018-12-20,1509.5,1432.689941,1484,1460.829956,9991800
AMZN,2018-12-21,1480,1363.959961,1464.98999,1377.449951,13640300
AMZN,2018-12-24,1396.030029,1307,1346,1343.959961,7220000
AMZN,2018-12-26,1473.160034,1363.01001,1368.890015,1470.900024,10411800
AMZN,2018-12-27,1469,1390.310059,1454.199951,1461.640015,9722000
AMZN,2018-12-28,1513.469971,1449,1473.349976,1478.02002,8829000
AMZN,2018-12-31,1520.76001,1487,1510.800049,1501.969971,6954500
NFLX,2018-01-02,201.6499939,195.4199982,196.1000061,201.0700073,10966900
NFLX,2018-01-03,206.2100067,201.5,202.0500031,205.0500031,8591400
NFLX,2018-01-04,207.0500031,204,206.1999969,205.6300049,6029600
NFLX,2018-01-05,210.0200043,205.5899963,207.25,209.9900055,7033200
NFLX,2018-01-08,212.5,208.4400024,210.0200043,212.0500031,5580200
NFLX,2018-01-09,212.9799957,208.5899963,212.1100006,209.3099976,6125900
NFLX,2018-01-10,213.6399994,206.9100037,207.5700073,212.5200043,5951500
NFLX,2018-01-11,217.75,213.3500061,214.2899933,217.2400055,7659500
NFLX,2018-01-12,222.5500031,216,217.1799927,221.2299957,8199400
NFLX,2018-01-16,226.0700073,217.1999969,224.2400055,221.5299988,13516100
NFLX,2018-01-17,221.1499939,216.3200073,221,217.5,9123100
NFLX,2018-01-18,220.5800018,216.5500031,220.3399963,220.3300018,8225300
NFLX,2018-01-19,223.4900055,218.5,222.75,220.4600067,10548600
NFLX,2018-01-22,227.7899933,221.1999969,222,227.5800018,17703300
NFLX,2018-01-23,257.7099915,248.0200043,255.0500031,250.2899933,27705300
NFLX,2018-01-24,261.7099915,249.3099976,250.8800049,261.2999878,17352400
NFLX,2018-01-25,272.2999878,260.230011,263,269.7000122,15336400
NFLX,2018-01-26,274.6000061,268.7600098,271.4899902,274.6000061,11021800
NFLX,2018-01-29,286.8099976,273.9200134,274.2000122,284.5899963,17529700
NFLX,2018-01-30,282.730011,272.7000122,277,278.7999878,12482900
NFLX,2018-01-31,282.2900085,269.5799866,281.9400024,270.2999878,11695100
NFLX,2018-02-01,271.9500122,263.3800049,266.4100037,265.0700073,9669000
NFLX,2018-02-02,270.6199951,262.7099915,263,267.4299927,9123600
NFLX,2018-02-05,267.8999939,250.0299988,262,254.2599945,11896100
NFLX,2018-02-06,266.7000122,245,247.6999969,265.7200012,12595800
NFLX,2018-02-07,272.4500122,264.3299866,266.5799866,264.5599976,8981500
NFLX,2018-02-08,267.6199951,250,267.0799866,250.1000061,9306700
NFLX,2018-02-09,255.8000031,236.1100006,253.8500061,249.4700012,16906900
NFLX,2018-02-12,259.1499939,249,252.1399994,257.9500122,8534900
NFLX,2018-02-13,261.4100037,254.6999969,257.2900085,258.269989,6855200
NFLX,2018-02-14,269.8800049,260.3299866,260.4700012,266,10972000
NFLX,2018-02-15,280.5,267.6300049,270.0299988,280.269989,10759700
NFLX,2018-02-16,281.9599915,275.6900024,278.730011,278.519989,8312400
NFLX,2018-02-20,285.8099976,276.6099854,277.7399902,278.5499878,7769000
NFLX,2018-02-21,286.6400146,280.0100098,282.0700073,281.0400085,9371100
NFLX,2018-02-22,284.5,274.4500122,283.8800049,278.1400146,8891500
NFLX,2018-02-23,286,277.8099976,281,285.9299927,7301800
NFLX,2018-02-26,295.6499939,287.0100098,288.75,294.1600037,10268600
NFLX,2018-02-27,297.3599854,290.5899963,294.769989,290.6099854,9416500
NFLX,2018-02-28,295.75,290.7799988,293.1000061,291.3800049,7653500
NFLX,2018-03-01,295.25,283.8299866,292.75,290.3900146,11932100
NFLX,2018-03-02,301.1799927,283.230011,284.6499939,301.0499878,13345300
NFLX,2018-03-05,316.9100037,297.6000061,302.8500061,315,18986100
NFLX,2018-03-06,325.7900085,316.5,319.8800049,325.2200012,18525800
NFLX,2018-03-07,323.7399902,314.5499878,320,321.1600037,17132200
NFLX,2018-03-08,322.9200134,314.1300049,322.2000122,317,11340100
NFLX,2018-03-09,331.4400024,320.230011,321.3299866,331.4400024,14500200
NFLX,2018-03-12,333.980011,318.6000061,333.5599976,321.2999878,20369200
NFLX,2018-03-13,325.8399963,313.2799988,323.8699951,315.8800049,12917200
NFLX,2018-03-14,323.8800049,317.7000122,318.1600037,321.5499878,10475100
NFLX,2018-03-15,323.3999939,318.1400146,323.1700134,321.0899963,5642900
NFLX,2018-03-16,324.1099854,318.3699951,321.4200134,318.4500122,7333700
NFLX,2018-03-19,317,307.3399963,315.7999878,313.480011,9925200
NFLX,2018-03-20,319.5,312.7999878,313.2600098,317.5,5991900
NFLX,2018-03-21,319.3999939,314.5100098,316.3500061,316.480011,5263900
NFLX,2018-03-22,314.1199951,305.6600037,313.0700073,306.7000122,8063300
NFLX,2018-03-23,309.3699951,300.3599854,307.4100037,300.9400024,9529900
NFLX,2018-03-26,321.0299988,302,309.3599854,320.3500061,11988300
NFLX,2018-03-27,322.8999939,297,322.4899902,300.6900024,12068600
NFLX,2018-03-28,298.7999878,281.6099854,298.3900146,285.769989,18972900
NFLX,2018-03-29,295.3500061,275.8999939,287,295.3500061,19145500
NFLX,2018-04-02,292.8699951,275.0499878,291.9400024,280.2900085,13405800
NFLX,2018-04-03,291.25,278.0100098,285.4500122,283.6700134,12694900
NFLX,2018-04-04,290.3099976,271.2200012,273.6300049,288.9400024,12914000
NFLX,2018-04-05,299.1600037,289.1099854,293.1499939,293.9700012,10655200
NFLX,2018-04-06,298.8500061,285.6499939,289.1000061,288.8500061,11444800
NFLX,2018-04-09,299.5499878,289.1199951,291.769989,289.9299927,9853600
NFLX,2018-04-10,298.9500122,291.6900024,297.6799927,298.0700073,10660500
NFLX,2018-04-11,311.6400146,301.8200073,302.8800049,303.6700134,14877400
NFLX,2018-04-12,311.1300049,306.75,309.7200012,309.25,10249400
NFLX,2018-04-13,317.4899902,308.230011,317.2900085,311.6499939,12046600
NFLX,2018-04-16,316.1000061,304,315.9899902,307.7799988,20307900
NFLX,2018-04-17,338.6199951,323.769989,329.6600037,336.0599976,33866500
NFLX,2018-04-18,338.8200073,331.1000061,336.2999878,334.519989,11221100
NFLX,2018-04-19,335.3099976,326.769989,332.8800049,332.7000122,8438800
NFLX,2018-04-20,336.5100098,326,332.2200012,327.769989,9158700
NFLX,2018-04-23,331.2200012,317.0799866,329.1499939,318.6900024,8968000
NFLX,2018-04-24,320.25,302.3099976,319.2200012,307.019989,13893200
NFLX,2018-04-25,309.980011,292.6199951,306.3699951,305.7600098,14919700
NFLX,2018-04-26,316.6300049,305.5799866,310,313.980011,9266700
NFLX,2018-04-27,317.4500122,306.5,316.25,311.7600098,7074400
NFLX,2018-04-30,317.8800049,310.1199951,311.0700073,312.4599915,6088800
NFLX,2018-05-01,313.480011,306.6900024,310.3599854,313.2999878,6036600
NFLX,2018-05-02,317.1000061,310.3999939,311.6499939,313.3599854,5697100
NFLX,2018-05-03,312.5899963,305.730011,312.5899963,311.6900024,6135800
NFLX,2018-05-04,320.980011,307.6700134,308.7099915,320.0899963,8209500
NFLX,2018-05-07,329.019989,319.3399963,321.9899902,326.2600098,7117800
NFLX,2018-05-08,327.3500061,323.0499878,325.8999939,326.8900146,4735700
NFLX,2018-05-09,331.9500122,327.5100098,328.7900085,330.2999878,5633400
NFLX,2018-05-10,332.0599976,327.3399963,331.5,329.6000061,5302300
NFLX,2018-05-11,331.2600098,324.8699951,329.6499939,326.4599915,4589700
NFLX,2018-05-14,330.5,327.0400085,327.25,328.5299988,4089800
NFLX,2018-05-15,326.9400024,322.4299927,325.9400024,326.1300049,4746100
NFLX,2018-05-16,329.7200012,325.1400146,326.2799988,328.1900024,3671700
NFLX,2018-05-17,330.4500122,323.1700134,327.5299988,325.2200012,4935700
NFLX,2018-05-18,326.4200134,322.7999878,324.8999939,324.1799927,3577700
NFLX,2018-05-21,331.8800049,325.4500122,327.1099854,331.8200073,6657300
NFLX,2018-05-22,336.6300049,331.1499939,334.0499878,331.6199951,5964400
NFLX,2018-05-23,345,328.0899963,329.0400085,344.7200012,10049100
NFLX,2018-05-24,354,341.1199951,344.3399963,349.2900085,14758600
NFLX,2018-05-25,354.3599854,348.8299866,349.8999939,351.2900085,7817400
NFLX,2018-05-29,356.1000061,346.7099915,351.5,349.730011,9717900
NFLX,2018-05-30,354,349.2600098,352.3699951,353.5400085,5685500
NFLX,2018-05-31,355.5299988,350.2099915,353.7999878,351.6000061,6921700
NFLX,2018-06-01,359.9899902,352.8200073,353.8800049,359.9299927,7112300
NFLX,2018-06-04,363,355.5100098,362.6799927,361.8099976,7682000
NFLX,2018-06-05,369.8299866,361.4100037,363.3200073,365.7999878,8358000
NFLX,2018-06-06,369.6799927,363.3299866,367.7799988,367.4500122,7712300
NFLX,2018-06-07,368.7000122,357.7999878,368.5400085,361.3999939,8278000
NFLX,2018-06-08,362.3900146,356.25,358.0599976,360.5700073,5225700
NFLX,2018-06-11,365.6700134,360.9100037,361.8800049,361.4500122,4432400
NFLX,2018-06-12,365.980011,362,363.6000061,363.8299866,4291000
NFLX,2018-06-13,384.25,364.1099854,367.5299988,379.9299927,18222800
NFLX,2018-06-14,395.0299988,383.25,384.269989,392.8699951,14598300
NFLX,2018-06-15,398.8599854,387.5100098,390.7099915,391.980011,13588100
NFLX,2018-06-18,393.1600037,386.5,387.7200012,390.3999939,6824800
NFLX,2018-06-19,405.2900085,388.5,389.5,404.980011,16697100
NFLX,2018-06-20,419.4700012,409.6000061,415.1499939,416.7600098,16494600
NFLX,2018-06-21,423.2099915,406.3699951,421.3800049,415.4400024,18389900
NFLX,2018-06-22,420.5,409.6499939,419.980011,411.0899963,10428600
NFLX,2018-06-25,405.9899902,378.75,404.6900024,384.480011,22490900
NFLX,2018-06-26,404.7799988,389.0499878,393.2799988,399.3900146,15191200
NFLX,2018-06-27,411.5899963,390,407.5599976,390.3900146,16541400
NFLX,2018-06-28,396.8999939,387.1000061,395,395.4200134,12219900
NFLX,2018-06-29,401.3299866,390.5499878,399.1900024,391.4299927,9252500
NFLX,2018-07-02,398.3800049,380,385.4500122,398.1799927,8142500
NFLX,2018-07-03,399.980011,389.5,399.4899902,390.519989,5280300
NFLX,2018-07-05,399.2399902,390.8599854,393.7999878,398.3900146,8448900
NFLX,2018-07-06,408.6499939,395.519989,397.4500122,408.25,8629600
NFLX,2018-07-09,419.1199951,411.1000061,415.9500122,418.9700012,11127500
NFLX,2018-07-10,419.4400024,413.0799866,417.2399902,415.6300049,9382900
NFLX,2018-07-11,419.769989,410.6000061,411.3399963,418.6499939,9713900
NFLX,2018-07-12,416.7900085,407.7999878,415.1600037,413.5,12743300
NFLX,2018-07-13,410,395.0799866,409.1900024,395.7999878,15719000
NFLX,2018-07-16,403.3599854,391.75,398.980011,400.480011,22960000
NFLX,2018-07-17,385,344,346.9500122,379.480011,58410400
NFLX,2018-07-18,383.1300049,372.3599854,381.2399902,375.1300049,21746300
NFLX,2018-07-19,375.75,363,371.0599976,364.230011,16878700
NFLX,2018-07-20,370.5,360.1400146,364.9200134,361.0499878,15096700
NFLX,2018-07-23,363.8999939,353.6000061,359.1499939,362.6600037,11505200
NFLX,2018-07-24,367.3999939,354.5599976,366.9400024,357.3200073,12851500
NFLX,2018-07-25,363.2799988,355.6499939,357.5700073,362.8699951,8467800
NFLX,2018-07-26,365.5400085,356.6300049,358.1900024,363.0899963,6993700
NFLX,2018-07-27,367,351.6499939,366.8500061,355.2099915,8949500
NFLX,2018-07-30,352.0299988,334.019989,351.9299927,334.9599915,18260700
NFLX,2018-07-31,342.5,328,331.5100098,337.4500122,14085400
NFLX,2018-08-01,344.4100037,334.019989,335.8699951,338.3800049,7790500
NFLX,2018-08-02,345,334.7099915,337.230011,344.5,7131300
NFLX,2018-08-03,347.8599854,338.480011,347.75,343.0899963,8848400
NFLX,2018-08-06,351.980011,341.7399902,342.8699951,350.9200134,8198100
NFLX,2018-08-07,357.3099976,349.0100098,353.230011,351.8299866,7970900
NFLX,2018-08-08,352.2900085,346.6099854,352.2099915,347.6099854,5394700
NFLX,2018-08-09,352.4400024,345.8200073,347.9599915,349.3599854,4820300
NFLX,2018-08-10,349.1000061,344.4200134,346.9100037,345.8699951,4328400
NFLX,2018-08-13,347.1900024,339.0700073,339.8900146,341.3099976,6888900
NFLX,2018-08-14,342.4100037,336.25,342.0899963,337.4899902,5805200
NFLX,2018-08-15,335.5,321,334.0299988,326.3999939,11784500
NFLX,2018-08-16,331.1700134,321.2099915,329.8999939,322.4400024,6689700
NFLX,2018-08-17,324.3699951,312.9599915,319.0100098,316.7799988,10407900
NFLX,2018-08-20,331.6000061,310.9299927,314.6400146,327.730011,13591100
NFLX,2018-08-21,341.5,329.7000122,331,338.019989,14783200
NFLX,2018-08-22,346.2099915,337.4100037,338.4899902,344.4400024,8930700
NFLX,2018-08-23,350.0799866,337.6499939,348.1099854,339.1700134,11336400
NFLX,2018-08-24,359.1499939,344.5400085,346,358.8200073,14729100
NFLX,2018-08-27,374.4899902,360,367.1499939,364.5799866,17427300
NFLX,2018-08-28,369.9899902,360.3800049,367.230011,368.4899902,9222600
NFLX,2018-08-29,369.8599854,362.9100037,367.2000122,368.0400085,8118700
NFLX,2018-08-30,376.8099976,363.5400085,365,370.980011,10981000
NFLX,2018-08-31,376,367.0799866,370.6600037,367.6799927,7943400
NFLX,2018-09-04,368.8800049,361.2600098,366.4700012,363.6000061,7605200
NFLX,2018-09-05,363.3900146,335.8299866,360,341.1799927,13092800
NFLX,2018-09-06,356,341.9899902,347.4400024,346.4599915,13050200
NFLX,2018-09-07,355.75,341.25,342.2000122,348.6799927,9105800
NFLX,2018-09-10,352.5,343.0799866,352.269989,348.4100037,5752200
NFLX,2018-09-11,356.1499939,343.8999939,344.6700134,355.9299927,6198100
NFLX,2018-09-12,370.4299927,356.2399902,359.0799866,369.9500122,10480800
NFLX,2018-09-13,374.0899963,366.8399963,371.9100037,368.1499939,8366100
NFLX,2018-09-14,371.0899963,363.4599915,368.5499878,364.5599976,4756400
NFLX,2018-09-17,367.3299866,349.5700073,364.2200012,350.3500061,7071900
NFLX,2018-09-18,368.1499939,351.5599976,353.6700134,367.6499939,10414000
NFLX,2018-09-19,377.6099854,359.1700134,373.9500122,366.9599915,11876800
NFLX,2018-09-20,370.2600098,363.1700134,370.2600098,365.3599854,6768100
NFLX,2018-09-21,372.2200012,360.7399902,366.5899963,361.1900024,11930600
NFLX,2018-09-24,373.6400146,354.3299866,359,369.6099854,9322500
NFLX,2018-09-25,371.3399963,364.4899902,370.230011,369.4299927,6799800
NFLX,2018-09-26,382,370.8800049,373.5899963,377.8800049,13799700
NFLX,2018-09-27,383.2000122,376,379.8699951,380.7099915,7326200
NFLX,2018-09-28,380.7999878,373.730011,379.2399902,374.1300049,7114900
NFLX,2018-10-01,386.1099854,375.5899963,375.8500061,381.4299927,8376600
NFLX,2018-10-02,386.7999878,373.8299866,384.3800049,377.1400146,8638700
NFLX,2018-10-03,380.9299927,374.8800049,378.5299988,377.0499878,5798600
NFLX,2018-10-04,375.9200134,360.3999939,375.8800049,363.6499939,9074400
NFLX,2018-10-05,363.5,343,359.769989,351.3500061,13523000
NFLX,2018-10-08,352.9500122,338.1099854,345.1799927,349.1000061,12375500
NFLX,2018-10-09,358.7200012,347.0899963,348.480011,355.7099915,8755000
NFLX,2018-10-10,355.1499939,325.3900146,353.519989,325.8900146,17183100
NFLX,2018-10-11,334.2000122,315.8099976,324.9400024,321.1000061,16082100
NFLX,2018-10-12,341.2999878,328.8999939,339.5700073,339.5599976,14870800
NFLX,2018-10-15,339.2099915,326.9299927,337.6300049,333.1300049,11215000
NFLX,2018-10-16,347.9500122,330.5599976,337.2399902,346.3999939,20156400
NFLX,2018-10-17,380,356.5,378.3299866,364.7000122,32610900
NFLX,2018-10-18,362.2000122,346.0499878,360.6700134,346.7099915,18461000
NFLX,2018-10-19,355.7999878,332.2000122,351,332.6700134,16717200
NFLX,2018-10-22,335.7999878,320.3399963,333.1000061,329.5400085,17097200
NFLX,2018-10-23,336.5799866,316.769989,318,333.1600037,14907300
NFLX,2018-10-24,333,300.730011,332.2799988,301.8299866,19039300
NFLX,2018-10-25,319.9400024,305.25,307.1199951,312.8699951,13346900
NFLX,2018-10-26,313.9899902,292.2999878,300.5100098,299.8299866,19616000
NFLX,2018-10-29,307.8900146,275.3999939,305.2600098,284.8399963,21698800
NFLX,2018-10-30,290.519989,271.2099915,275.5700073,285.8099976,23685700
NFLX,2018-10-31,311.5,295.0499878,297.769989,301.7799988,20360300
NFLX,2018-11-01,318.4500122,296.6700134,304.5899963,317.3800049,15121500
NFLX,2018-11-02,321.8800049,308.3299866,318,309.1000061,13404600
NFLX,2018-11-05,317.5299988,303.7399902,311.1000061,315.4400024,10283000
NFLX,2018-11-06,320.2200012,305.2999878,314.7600098,310.8399963,9710400
NFLX,2018-11-07,328.5599976,311,312.8999939,327.5,13328300
NFLX,2018-11-08,332.0499878,316.6099854,328,317.9200134,11023900
NFLX,2018-11-09,312.980011,298.0100098,311.0700073,303.4700012,13480800
NFLX,2018-11-12,302.4899902,290.6300049,300,294.0700073,10924800
NFLX,2018-11-13,303.5499878,289.1000061,295,294.3999939,12232200
NFLX,2018-11-14,301.8399963,278.2999878,300.3999939,286.730011,16853600
NFLX,2018-11-15,292.5,282.1600037,285.5100098,290.0599976,9967100
NFLX,2018-11-16,291.7200012,281,287.1400146,286.2099915,9099500
NFLX,2018-11-19,285.0899963,269.1499939,283.7900085,270.6000061,12993800
NFLX,2018-11-20,276.3399963,250,254.6300049,266.980011,16693800
NFLX,2018-11-21,275.3399963,261.5100098,274.4200134,262.1300049,11023000
NFLX,2018-11-23,265.5,256.8399963,260.1099854,258.8200073,5245100
NFLX,2018-11-26,266.25,253.8000031,260.5499878,261.4299927,12498600
NFLX,2018-11-27,269.0799866,256.1400146,259.2399902,266.6300049,11149500
NFLX,2018-11-28,284,263.3399963,271.980011,282.6499939,14801300
NFLX,2018-11-29,290.4899902,275.5,282.3200073,288.75,15431500
NFLX,2018-11-30,290.8099976,283.0599976,288,286.1300049,11860100
NFLX,2018-12-03,298.7200012,284.5799866,293.1900024,290.2999878,14117400
NFLX,2018-12-04,295.7399902,274.7200012,288.1300049,275.3299866,12800600
NFLX,2018-12-06,283.2200012,267.1400146,268.3299866,282.8800049,13074300
NFLX,2018-12-07,284.2099915,263.3800049,282.480011,265.1400146,12466700
NFLX,2018-12-10,271.1799927,260.6099854,264.1900024,269.7000122,9605600
NFLX,2018-12-11,274.5,262.7600098,274.0799866,265.3200073,9843200
NFLX,2018-12-12,281.769989,266.480011,267.6600037,274.8800049,11456700
NFLX,2018-12-13,279.3200073,271.8500061,277.6400146,276.019989,8379300
NFLX,2018-12-14,277.6700134,265,271.8099976,266.8399963,9915300
NFLX,2018-12-17,272.980011,261.0799866,266.5100098,262.7999878,9634700
NFLX,2018-12-18,275.75,263.2900085,263.2999878,270.9400024,10350100
NFLX,2018-12-19,280.8699951,263.769989,269.9599915,266.769989,13788400
NFLX,2018-12-20,269.8999939,251.8800049,264.6400146,260.5799866,16792900
NFLX,2018-12-21,264.5,241.2899933,263.8299866,246.3899994,21397600
NFLX,2018-12-24,250.6499939,233.6799927,242,233.8800049,9547600
NFLX,2018-12-26,254.5,231.2299957,233.9199982,253.6699982,14402700
NFLX,2018-12-27,255.5899963,240.1000061,250.1100006,255.5700073,12235200
NFLX,2018-12-28,261.9100037,249.8000031,257.9400024,256.0799866,10992800
NFLX,2018-12-31,270.1000061,260,260.1600037,267.6600037,13508900
GOOG,2018-01-02,1066.939941,1045.22998,1048.339966,1065,1237600
GOOG,2018-01-03,1086.290039,1063.209961,1064.310059,1082.47998,1430200
GOOG,2018-01-04,1093.569946,1084.001953,1088,1086.400024,1004600
GOOG,2018-01-05,1104.25,1092,1094,1102.22998,1279100
GOOG,2018-01-08,1111.27002,1101.619995,1102.22998,1106.939941,1047600
GOOG,2018-01-09,1110.569946,1101.230957,1109.400024,1106.26001,902500
GOOG,2018-01-10,1104.599976,1096.109985,1097.099976,1102.609985,1042800
GOOG,2018-01-11,1106.525024,1099.589966,1106.300049,1105.52002,978300
GOOG,2018-01-12,1124.290039,1101.150024,1102.410034,1122.26001,1720500
GOOG,2018-01-16,1139.910034,1117.832031,1132.51001,1121.76001,1575300
GOOG,2018-01-17,1132.599976,1117.01001,1126.219971,1131.97998,1202600
GOOG,2018-01-18,1132.51001,1117.5,1131.410034,1129.790039,1198200
GOOG,2018-01-19,1137.859985,1128.300049,1131.829956,1137.51001,1778200
GOOG,2018-01-22,1159.880005,1135.109985,1137.48999,1155.810059,1618000
GOOG,2018-01-23,1171.626953,1158.75,1159.849976,1169.969971,1333100
GOOG,2018-01-24,1179.859985,1161.050049,1177.329956,1164.23999,1416600
GOOG,2018-01-25,1175.939941,1162.76001,1172.530029,1170.369995,1480500
GOOG,2018-01-26,1175.839966,1158.109985,1175.079956,1175.839966,2018800
GOOG,2018-01-29,1186.890015,1171.97998,1176.47998,1175.579956,1378900
GOOG,2018-01-30,1176.52002,1163.52002,1167.829956,1163.689941,1556300
GOOG,2018-01-31,1173,1159.130005,1170.569946,1169.939941,1538700
GOOG,2018-02-01,1174,1157.52002,1162.609985,1167.699951,2412100
GOOG,2018-02-02,1123.069946,1107.277954,1122,1111.900024,4857900
GOOG,2018-02-05,1110,1052.030029,1090.599976,1055.800049,3798300
GOOG,2018-02-06,1081.709961,1023.137024,1027.180054,1080.599976,3448000
GOOG,2018-02-07,1081.780029,1048.26001,1081.540039,1048.579956,2369200
GOOG,2018-02-08,1058.619995,1000.659973,1055.410034,1001.52002,2859100
GOOG,2018-02-09,1043.969971,992.5599976,1017.25,1037.780029,3505900
GOOG,2018-02-12,1061.5,1040.927979,1048,1051.939941,2057700
GOOG,2018-02-13,1058.369995,1044.087036,1045,1052.099976,1265100
GOOG,2018-02-14,1071.719971,1046.75,1048.949951,1069.699951,1555800
GOOG,2018-02-15,1091.479004,1064.339966,1079.069946,1089.52002,1843400
GOOG,2018-02-16,1104.670044,1088.312988,1088.410034,1094.800049,1679500
GOOG,2018-02-20,1113.949951,1088.52002,1090.569946,1102.459961,1423100
GOOG,2018-02-21,1133.969971,1106.329956,1106.469971,1111.339966,1512900
GOOG,2018-02-22,1122.819946,1102.589966,1116.189941,1106.630005,1317200
GOOG,2018-02-23,1127.280029,1104.713989,1112.640015,1126.790039,1261000
GOOG,2018-02-26,1143.959961,1126.694946,1127.800049,1143.75,1559100
GOOG,2018-02-27,1144.040039,1118,1141.23999,1118.290039,1774100
GOOG,2018-02-28,1127.530029,1103.23999,1123.030029,1104.72998,1882600
GOOG,2018-03-01,1110.119995,1067.000977,1107.869995,1069.52002,2515900
GOOG,2018-03-02,1081.999023,1048.11499,1053.079956,1078.920044,2271600
GOOG,2018-03-05,1097.099976,1069,1075.140015,1090.930054,1202200
GOOG,2018-03-06,1101.849976,1089.775024,1099.219971,1095.060059,1532800
GOOG,2018-03-07,1112.219971,1085.482056,1089.189941,1109.640015,1292500
GOOG,2018-03-08,1127.599976,1112.800049,1115.319946,1126,1355100
GOOG,2018-03-09,1160.800049,1132.46106,1136,1160.040039,2128000
GOOG,2018-03-12,1177.050049,1157.420044,1163.849976,1164.5,2172300
GOOG,2018-03-13,1176.76001,1133.329956,1170,1138.170044,1907200
GOOG,2018-03-14,1158.589966,1141.439941,1145.209961,1149.48999,1291400
GOOG,2018-03-15,1161.079956,1134.540039,1149.959961,1149.579956,1395400
GOOG,2018-03-16,1155.880005,1131.959961,1154.140015,1135.72998,3092000
GOOG,2018-03-19,1121.98999,1089.01001,1120.01001,1099.819946,2805900
GOOG,2018-03-20,1105.199951,1083.459961,1099,1097.709961,1831900
GOOG,2018-03-21,1106.300049,1085.150024,1092.73999,1090.880005,1878900
GOOG,2018-03-22,1082.900024,1045.910034,1081.880005,1049.079956,2667000
GOOG,2018-03-23,1063.359985,1021.219971,1047.030029,1021.570007,2156700
GOOG,2018-03-26,1055.630005,1008.400024,1046,1053.209961,2665100
GOOG,2018-03-27,1064.838989,996.9199829,1063,1005.099976,3095300
GOOG,2018-03-28,1024.22998,980.6400146,998,1004.559998,3369300
GOOG,2018-03-29,1043,1002.900024,1011.630005,1031.790039,2726800
GOOG,2018-04-02,1034.800049,990.3699951,1022.820007,1006.469971,2680400
GOOG,2018-04-03,1020.98999,994.0700073,1013.909973,1013.409973,2275100
GOOG,2018-04-04,1028.718018,993,993.4099731,1025.140015,2484700
GOOG,2018-04-05,1042.790039,1020.130981,1041.329956,1027.810059,1363000
GOOG,2018-04-06,1031.420044,1003.030029,1020,1007.039978,1746400
GOOG,2018-04-09,1039.599976,1014.080017,1016.799988,1015.450012,1751600
GOOG,2018-04-10,1036.280029,1011.340027,1026.439941,1031.640015,1974500
GOOG,2018-04-11,1031.364014,1015.869995,1027.98999,1019.969971,1483900
GOOG,2018-04-12,1040.689941,1021.434998,1025.040039,1032.51001,1357000
GOOG,2018-04-13,1046.420044,1022.97998,1040.880005,1029.27002,1223000
GOOG,2018-04-16,1043.23999,1026.73999,1037,1037.97998,1211200
GOOG,2018-04-17,1077.880005,1048.26001,1051.369995,1074.160034,2320300
GOOG,2018-04-18,1077.430054,1066.224976,1077.430054,1072.079956,1344100
GOOG,2018-04-19,1094.165039,1068.180054,1069.400024,1087.699951,1747700
GOOG,2018-04-20,1092.349976,1069.569946,1082,1072.959961,1889700
GOOG,2018-04-23,1082.719971,1060.699951,1077.859985,1067.449951,2341300
GOOG,2018-04-24,1057,1010.590027,1052,1019.97998,4760300
GOOG,2018-04-25,1032.48999,1015.309998,1025.52002,1021.179993,2391100
GOOG,2018-04-26,1047.97998,1018.190002,1029.51001,1040.040039,2079500
GOOG,2018-04-27,1049.5,1025.589966,1046,1030.050049,1619800
GOOG,2018-04-30,1037,1016.849976,1030.01001,1017.330017,1671300
GOOG,2018-05-01,1038.469971,1008.210022,1013.659973,1037.310059,1427900
GOOG,2018-05-02,1040.389038,1022.869995,1028.099976,1024.380005,1603100
GOOG,2018-05-03,1029.675049,1006.289978,1019,1023.719971,1815100
GOOG,2018-05-04,1048.51001,1016.900024,1016.900024,1048.209961,1938700
GOOG,2018-05-07,1061.680054,1047.099976,1049.22998,1054.790039,1466100
GOOG,2018-05-08,1060.550049,1047.14502,1058.540039,1053.910034,1217700
GOOG,2018-05-09,1085.439941,1056.36499,1058.099976,1082.76001,2032800
GOOG,2018-05-10,1100.439941,1085.640015,1086.030029,1097.569946,1443000
GOOG,2018-05-11,1101.329956,1090.910034,1093.599976,1098.26001,1253700
GOOG,2018-05-14,1110.75,1099.109985,1100,1100.199951,1518100
GOOG,2018-05-15,1090.050049,1073.469971,1090,1079.22998,1494900
GOOG,2018-05-16,1089.27002,1076.26001,1077.310059,1081.77002,1097300
GOOG,2018-05-17,1086.869995,1073.5,1079.890015,1078.589966,1043800
GOOG,2018-05-18,1069.939941,1060.680054,1061.859985,1066.359985,1565200
GOOG,2018-05-21,1088,1073.650024,1074.060059,1079.579956,1023200
GOOG,2018-05-22,1086.589966,1066.689941,1083.560059,1069.72998,1090000
GOOG,2018-05-23,1080.780029,1061.709961,1065.130005,1079.689941,1060700
GOOG,2018-05-24,1080.469971,1066.150024,1079,1079.23999,766800
GOOG,2018-05-25,1082.560059,1073.775024,1079.02002,1075.660034,899400
GOOG,2018-05-29,1073.369995,1055.219971,1064.890015,1060.319946,1865100
GOOG,2018-05-30,1069.209961,1056.829956,1063.030029,1067.800049,1138500
GOOG,2018-05-31,1097.189941,1067.560059,1067.560059,1084.98999,3088300
GOOG,2018-06-01,1120,1098.5,1099.349976,1119.5,2421600
GOOG,2018-06-04,1141.890015,1122.005005,1122.329956,1139.290039,1889600
GOOG,2018-06-05,1145.738037,1133.189941,1140.98999,1139.660034,1678000
GOOG,2018-06-06,1143,1125.743042,1142.170044,1136.880005,1698200
GOOG,2018-06-07,1135.819946,1116.52002,1131.319946,1123.859985,1520000
GOOG,2018-06-08,1126.670044,1112.150024,1118.180054,1120.869995,1290800
GOOG,2018-06-11,1137.26001,1118.599976,1118.599976,1129.98999,1079300
GOOG,2018-06-12,1139.790039,1130.734985,1131.069946,1139.319946,912000
GOOG,2018-06-13,1146.5,1133.380005,1141.119995,1134.790039,1506400
GOOG,2018-06-14,1155.469971,1140.640015,1143.849976,1152.119995,1343400
GOOG,2018-06-15,1153.420044,1143.484985,1148.859985,1152.26001,2122500
GOOG,2018-06-18,1174.310059,1143.589966,1143.650024,1173.459961,1413700
GOOG,2018-06-19,1171.27002,1154.01001,1158.5,1168.060059,1621000
GOOG,2018-06-20,1186.286011,1169.160034,1175.310059,1169.839966,1648500
GOOG,2018-06-21,1177.295044,1152.232056,1174.849976,1157.660034,1238100
GOOG,2018-06-22,1162.496948,1147.26001,1159.140015,1155.47998,1311000
GOOG,2018-06-25,1143.910034,1112.780029,1143.599976,1124.810059,2157300
GOOG,2018-06-26,1133.209961,1116.659058,1128,1118.459961,1563200
GOOG,2018-06-27,1131.83606,1103.619995,1121.339966,1103.97998,1293900
GOOG,2018-06-28,1122.310059,1096.01001,1102.089966,1114.219971,1072400
GOOG,2018-06-29,1128.227051,1115,1120,1115.650024,1315100
GOOG,2018-07-02,1128,1093.800049,1099,1127.459961,1217300
GOOG,2018-07-03,1135.819946,1100.02002,1135.819946,1102.890015,679000
GOOG,2018-07-05,1127.5,1108.47998,1110.530029,1124.27002,1066700
GOOG,2018-07-06,1140.930054,1120.737061,1123.579956,1140.170044,996100
GOOG,2018-07-09,1154.670044,1143.420044,1148.47998,1154.050049,909000
GOOG,2018-07-10,1159.589966,1149.589966,1156.97998,1152.839966,798400
GOOG,2018-07-11,1164.290039,1141,1144.589966,1153.900024,1120000
GOOG,2018-07-12,1184.410034,1155.935059,1159.890015,1183.47998,1251900
GOOG,2018-07-13,1195.416992,1180,1185,1188.819946,1221900
GOOG,2018-07-16,1191,1179.280029,1189.390015,1183.859985,1055700
GOOG,2018-07-17,1203.040039,1170.599976,1172.219971,1198.800049,1610400
GOOG,2018-07-18,1204.5,1190.339966,1196.560059,1195.880005,1393600
GOOG,2018-07-19,1200,1183.319946,1191,1186.959961,1276700
GOOG,2018-07-20,1196.859985,1184.219971,1186.959961,1184.910034,1247400
GOOG,2018-07-23,1206.48999,1181,1181.01001,1205.5,2619200
GOOG,2018-07-24,1266,1235.560059,1262.589966,1248.079956,3318200
GOOG,2018-07-25,1265.859985,1239.130005,1239.130005,1263.699951,2127800
GOOG,2018-07-26,1269.770996,1249.02002,1251,1268.329956,2405600
GOOG,2018-07-27,1273.890015,1231,1271,1238.5,2130600
GOOG,2018-07-30,1234.916016,1211.469971,1228.01001,1219.73999,1849900
GOOG,2018-07-31,1227.588013,1205.599976,1220.01001,1217.26001,1644700
GOOG,2018-08-01,1233.469971,1210.209961,1228,1220.01001,1567200
GOOG,2018-08-02,1229.880005,1204.790039,1205.900024,1226.150024,1531300
GOOG,2018-08-03,1230,1215.060059,1229.619995,1223.709961,1089600
GOOG,2018-08-06,1226.088013,1215.796997,1225,1224.77002,1081700
GOOG,2018-08-07,1251.170044,1236.170044,1237,1242.219971,1494000
GOOG,2018-08-08,1256.5,1238.008057,1240.469971,1245.609985,1370300
GOOG,2018-08-09,1255.541992,1246.01001,1249.900024,1249.099976,848600
GOOG,2018-08-10,1245.694946,1232,1243,1237.609985,1108700
GOOG,2018-08-13,1249.272949,1233.640991,1236.97998,1235.01001,997300
GOOG,2018-08-14,1245.869995,1225.109985,1235.189941,1242.099976,1348100
GOOG,2018-08-15,1235.23999,1209.51001,1229.26001,1214.380005,1828800
GOOG,2018-08-16,1226,1202.550049,1224.72998,1206.48999,1343200
GOOG,2018-08-17,1209.02002,1188.23999,1202.030029,1200.959961,1389600
GOOG,2018-08-20,1211,1194.625977,1205.02002,1207.77002,870800
GOOG,2018-08-21,1217.26001,1200.354004,1208,1201.619995,1205600
GOOG,2018-08-22,1211.839966,1199,1200,1207.329956,887400
GOOG,2018-08-23,1221.280029,1204.23999,1207.140015,1205.380005,992600
GOOG,2018-08-24,1221.650024,1206.359009,1208.819946,1220.650024,946600
GOOG,2018-08-27,1243.089966,1225.715942,1227.599976,1241.819946,1156300
GOOG,2018-08-28,1242.545044,1228.689941,1241.290039,1231.150024,1304000
GOOG,2018-08-29,1250.660034,1236.359009,1237.449951,1249.300049,1298900
GOOG,2018-08-30,1253.63501,1232.589966,1244.22998,1239.119995,1331400
GOOG,2018-08-31,1238.660034,1211.285034,1234.97998,1218.189941,1816400
GOOG,2018-09-04,1212.98999,1192.5,1204.27002,1197,1831000
GOOG,2018-09-05,1199.01001,1162,1193.800049,1186.47998,2061300
GOOG,2018-09-06,1186.300049,1152,1186.300049,1171.439941,1888500
GOOG,2018-09-07,1175.26001,1157.214966,1158.670044,1164.829956,1401300
GOOG,2018-09-10,1174.540039,1160.109985,1172.189941,1164.640015,1115400
GOOG,2018-09-11,1178.680054,1156.23999,1161.630005,1177.359985,1209300
GOOG,2018-09-12,1178.609985,1158.359985,1172.719971,1162.819946,1295500
GOOG,2018-09-13,1178.609985,1162.849976,1170.73999,1175.329956,1431200
GOOG,2018-09-14,1180.425049,1168.329956,1179.099976,1172.530029,944000
GOOG,2018-09-17,1177.23999,1154.030029,1170.140015,1156.050049,1306500
GOOG,2018-09-18,1176.079956,1157.089966,1157.089966,1161.219971,1203600
GOOG,2018-09-19,1173.209961,1154.579956,1164.97998,1171.089966,1191400
GOOG,2018-09-20,1189.890015,1173.359985,1179.98999,1186.869995,1225400
GOOG,2018-09-21,1192.209961,1166.040039,1192,1166.089966,4405600
GOOG,2018-09-24,1178,1146.910034,1157.170044,1173.369995,1271000
GOOG,2018-09-25,1186.880005,1168,1176.150024,1184.650024,977700
GOOG,2018-09-26,1194.22998,1174.765015,1185.150024,1180.48999,1462300
GOOG,2018-09-27,1202.099976,1183.630005,1186.72998,1194.640015,1260800
GOOG,2018-09-28,1195.410034,1184.5,1191.869995,1193.469971,1380600
GOOG,2018-10-01,1209.900024,1190.300049,1199.890015,1195.310059,1357600
GOOG,2018-10-02,1209.959961,1186.630005,1190.959961,1200.109985,1687900
GOOG,2018-10-03,1206.410034,1193.829956,1205,1202.949951,1256200
GOOG,2018-10-04,1197.51001,1155.57605,1195.329956,1168.189941,2209500
GOOG,2018-10-05,1173.5,1145.119995,1167.5,1157.349976,1184300
GOOG,2018-10-08,1168,1127.364014,1150.109985,1148.969971,1932400
GOOG,2018-10-09,1154.349976,1137.572021,1146.150024,1138.819946,1308700
GOOG,2018-10-10,1132.170044,1081.130005,1131.079956,1081.219971,2675700
GOOG,2018-10-11,1106.400024,1068.27002,1072.939941,1079.319946,2949000
GOOG,2018-10-12,1115,1086.401978,1108,1110.079956,2101300
GOOG,2018-10-15,1113.446045,1089,1108.910034,1092.25,1372400
GOOG,2018-10-16,1124.219971,1102.5,1104.589966,1121.280029,1928500
GOOG,2018-10-17,1128.98999,1102.189941,1126.459961,1115.689941,1467200
GOOG,2018-10-18,1121.839966,1077.089966,1121.839966,1087.969971,2094500
GOOG,2018-10-19,1110.359985,1087.75,1093.369995,1096.459961,1267600
GOOG,2018-10-22,1112.22998,1091,1103.060059,1101.160034,1514200
GOOG,2018-10-23,1107.890015,1070,1080.890015,1103.689941,1848700
GOOG,2018-10-24,1106.119995,1048.73999,1104.25,1050.709961,1982400
GOOG,2018-10-25,1110.97998,1069.550049,1071.790039,1095.569946,2545800
GOOG,2018-10-26,1106.530029,1034.089966,1037.030029,1071.469971,4187600
GOOG,2018-10-29,1097.040039,995.8300171,1082.469971,1020.080017,3880700
GOOG,2018-10-30,1037.48999,1000.75,1008.460022,1036.209961,3212700
GOOG,2018-10-31,1091.939941,1057,1059.810059,1076.77002,2529800
GOOG,2018-11-01,1083.974976,1062.459961,1075.800049,1070,1482000
GOOG,2018-11-02,1082.974976,1054.609985,1073.72998,1057.790039,1839000
GOOG,2018-11-05,1058.469971,1021.23999,1055,1040.089966,2441400
GOOG,2018-11-06,1064.344971,1038.069946,1039.47998,1055.810059,1233300
GOOG,2018-11-07,1095.459961,1065.900024,1069,1093.390015,2058400
GOOG,2018-11-08,1093.27002,1072.204956,1091.380005,1082.400024,1488200
GOOG,2018-11-09,1075.560059,1053.109985,1073.98999,1066.150024,1343200
GOOG,2018-11-12,1062.119995,1031,1061.390015,1038.630005,1471800
GOOG,2018-11-13,1056.60498,1031.150024,1043.290039,1036.050049,1513700
GOOG,2018-11-14,1054.563965,1031,1050,1043.660034,1565900
GOOG,2018-11-15,1071.849976,1031.780029,1044.709961,1064.709961,1836100
GOOG,2018-11-16,1067,1048.97998,1059.410034,1061.48999,1658100
GOOG,2018-11-19,1060.790039,1016.26001,1057.199951,1020,1858600
GOOG,2018-11-20,1031.73999,996.0200195,1000,1025.76001,2449100
GOOG,2018-11-21,1048.560059,1033.469971,1036.76001,1037.609985,1534300
GOOG,2018-11-23,1037.589966,1022.398987,1030,1023.880005,691500
GOOG,2018-11-26,1049.310059,1033.910034,1038.349976,1048.619995,1942800
GOOG,2018-11-27,1057.579956,1038.48999,1041,1044.410034,1803200
GOOG,2018-11-28,1086.839966,1035.76001,1048.76001,1086.22998,2475400
GOOG,2018-11-29,1094.244995,1076,1076.079956,1088.300049,1468900
GOOG,2018-11-30,1095.569946,1077.880005,1089.069946,1094.430054,2580200
GOOG,2018-12-03,1124.650024,1103.665039,1123.140015,1106.430054,1991200
GOOG,2018-12-04,1104.420044,1049.97998,1103.119995,1050.819946,2345200
GOOG,2018-12-06,1071.199951,1030.77002,1034.26001,1068.72998,2769200
GOOG,2018-12-07,1075.26001,1028.5,1060.01001,1036.579956,2101200
GOOG,2018-12-10,1048.449951,1023.289978,1035.050049,1039.550049,1807700
GOOG,2018-12-11,1060.599976,1039.839966,1056.48999,1051.75,1394700
GOOG,2018-12-12,1081.650024,1062.790039,1068,1063.680054,1523800
GOOG,2018-12-13,1079.76001,1053.930054,1068.069946,1061.900024,1329800
GOOG,2018-12-14,1062.599976,1040.790039,1049.97998,1042.099976,1686600
GOOG,2018-12-17,1053.150024,1007.900024,1037.51001,1016.530029,2385400
GOOG,2018-12-18,1049.47998,1021.440002,1026.089966,1028.709961,2192500
GOOG,2018-12-19,1062,1008.049988,1033.98999,1023.01001,2479300
GOOG,2018-12-20,1034.219971,996.3599854,1018.130005,1009.409973,2673500
GOOG,2018-12-21,1024.02002,973.6900024,1015.299988,979.539978,4596000
GOOG,2018-12-24,1003.539978,970.1099854,973.9000244,976.2199707,1590300
GOOG,2018-12-26,1040,983,989.0100098,1039.459961,2373300
GOOG,2018-12-27,1043.890015,997,1017.150024,1043.880005,2109800
GOOG,2018-12-28,1055.560059,1033.099976,1049.619995,1037.079956,1414800
GOOG,2018-12-31,1052.699951,1023.590027,1050.959961,1035.609985,1493300